,DATE,DailyPrecipitation
24,2013-01-01T23:59:00,0.01s
49,2013-01-02T23:59:00,0.00
74,2013-01-03T23:59:00,0.00
99,2013-01-04T23:59:00,0.00
124,2013-01-05T23:59:00,0.00
149,2013-01-06T23:59:00,0.03s
174,2013-01-07T23:59:00,0.16s
199,2013-01-08T23:59:00,0.03s
224,2013-01-09T23:59:00,0.01s
249,2013-01-10T23:59:00,0.28s
274,2013-01-11T23:59:00,0.10s
299,2013-01-12T23:59:00,0.01s
324,2013-01-13T23:59:00,0.00
349,2013-01-14T23:59:00,0.10s
374,2013-01-15T23:59:00,0.03s
399,2013-01-16T23:59:00,0.00
424,2013-01-17T23:59:00,0.00
449,2013-01-18T23:59:00,0.00
474,2013-01-19T23:59:00,0.00
499,2013-01-20T23:59:00,0.00
524,2013-01-21T23:59:00,0.00
549,2013-01-22T23:59:00,0.00
574,2013-01-23T23:59:00,0.00
599,2013-01-24T23:59:00,0.05s
624,2013-01-25T23:59:00,0.00
649,2013-01-26T23:59:00,0.12s
674,2013-01-27T23:59:00,0.19s
699,2013-01-28T23:59:00,0.05s
724,2013-01-29T23:59:00,0.03s
749,2013-01-30T23:59:00,0.18s
774,2013-01-31T23:59:00,0.04s
800,2013-02-01T23:59:00,0.05s
825,2013-02-02T23:59:00,0.00
850,2013-02-03T23:59:00,0.00
875,2013-02-04T23:59:00,0.00
900,2013-02-05T23:59:00,0.05s
925,2013-02-06T23:59:00,0.00
950,2013-02-07T23:59:00,0.00
975,2013-02-08T23:59:00,0.00
1000,2013-02-09T23:59:00,0.00
1025,2013-02-10T23:59:00,0.00
1050,2013-02-11T23:59:00,0.00
1075,2013-02-12T23:59:00,0.03s
1100,2013-02-13T23:59:00,0.01s
1125,2013-02-14T23:59:00,0.06s
1150,2013-02-15T23:59:00,0.00
1175,2013-02-16T23:59:00,0.00
1200,2013-02-17T23:59:00,0.17s
1225,2013-02-18T23:59:00,0.02s
1250,2013-02-19T23:59:00,0.00
1275,2013-02-20T23:59:00,0.07s
1300,2013-02-21T23:59:00,0.01s
1325,2013-02-22T23:59:00,0.05s
1350,2013-02-23T23:59:00,0.23s
1375,2013-02-24T23:59:00,0.00
1400,2013-02-25T23:59:00,0.06s
1425,2013-02-26T23:59:00,0.06s
1450,2013-02-27T23:59:00,0.00
1475,2013-02-28T23:59:00,0.05s
1501,2013-03-01T23:59:00,0.01s
1526,2013-03-02T23:59:00,0.00
1551,2013-03-03T23:59:00,0.35s
1576,2013-03-04T23:59:00,0.00
1601,2013-03-05T23:59:00,0.00
1626,2013-03-06T23:59:00,0.24s
1651,2013-03-07T23:59:00,0.03s
1676,2013-03-08T23:59:00,0.04s
1701,2013-03-09T23:59:00,0.00
1726,2013-03-10T23:59:00,0.00
1751,2013-03-11T23:59:00,0.05s
1776,2013-03-12T23:59:00,0.00
1801,2013-03-13T23:59:00,0.00
1826,2013-03-14T23:59:00,0.00
1851,2013-03-15T23:59:00,0.00
1876,2013-03-16T23:59:00,0.02s
1901,2013-03-17T23:59:00,0.78s
1926,2013-03-18T23:59:00,0.04s
1951,2013-03-19T23:59:00,0.02s
1976,2013-03-20T23:59:00,0.11s
2001,2013-03-21T23:59:00,0.33s
2026,2013-03-22T23:59:00,0.01s
2051,2013-03-23T23:59:00,0.03s
2076,2013-03-24T23:59:00,0.00
2101,2013-03-25T23:59:00,0.00
2126,2013-03-26T23:59:00,0.02s
2151,2013-03-27T23:59:00,0.01s
2176,2013-03-28T23:59:00,0.00
2201,2013-03-29T23:59:00,0.21s
2226,2013-03-30T23:59:00,0.01s
2251,2013-03-31T23:59:00,0.00
2277,2013-04-01T23:59:00,0.00
2302,2013-04-02T23:59:00,0.00
2327,2013-04-03T23:59:00,0.00
2352,2013-04-04T23:59:00,0.00
2377,2013-04-05T23:59:00,0.28s
2402,2013-04-06T23:59:00,0.16s
2427,2013-04-07T23:59:00,0.50s
2448,2013-04-08T23:59:00,0.19s
2473,2013-04-09T23:59:00,0.00
2498,2013-04-10T23:59:00,0.01s
2523,2013-04-11T23:59:00,0.03s
2548,2013-04-12T23:59:00,0.00
2573,2013-04-13T23:59:00,0.63s
2598,2013-04-14T23:59:00,0.13s
2623,2013-04-15T23:59:00,0.01s
2648,2013-04-16T23:59:00,0.00
2673,2013-04-17T23:59:00,0.00
2698,2013-04-18T23:59:00,0.00
2723,2013-04-19T23:59:00,0.07s
2748,2013-04-20T23:59:00,0.04s
2773,2013-04-21T23:59:00,0.20s
2798,2013-04-22T23:59:00,0.03s
2823,2013-04-23T23:59:00,0.00
2848,2013-04-24T23:59:00,0.00
2873,2013-04-25T23:59:00,0.00
2898,2013-04-26T23:59:00,0.00
2923,2013-04-27T23:59:00,0.00
2948,2013-04-28T23:59:00,0.00
2973,2013-04-29T23:59:00,0.02s
2998,2013-04-30T23:59:00,0.01s
3024,2013-05-01T23:59:00,0.04s
3049,2013-05-02T23:59:00,0.00
3074,2013-05-03T23:59:00,0.00
3099,2013-05-04T23:59:00,0.00
3124,2013-05-05T23:59:00,0.00
3149,2013-05-06T23:59:00,0.00
3174,2013-05-07T23:59:00,0.00
3199,2013-05-08T23:59:00,0.00
3224,2013-05-09T23:59:00,0.03s
3249,2013-05-10T23:59:00,0.00
3274,2013-05-11T23:59:00,0.00
3299,2013-05-12T23:59:00,0.00
3324,2013-05-13T23:59:00,0.00
3349,2013-05-14T23:59:00,0.00
3374,2013-05-15T23:59:00,0.00
3399,2013-05-16T23:59:00,0.16s
3424,2013-05-17T23:59:00,0.16s
3449,2013-05-18T23:59:00,0.46s
3474,2013-05-19T23:59:00,0.28s
3499,2013-05-20T23:59:00,0.01s
3524,2013-05-21T23:59:00,0.00
3549,2013-05-22T23:59:00,0.15s
3574,2013-05-23T23:59:00,0.10s
3599,2013-05-24T23:59:00,0.01s
3624,2013-05-25T23:59:00,0.00
3649,2013-05-26T23:59:00,0.02s
3674,2013-05-27T23:59:00,0.05s
3699,2013-05-28T23:59:00,0.14s
3724,2013-05-29T23:59:00,0.38s
3749,2013-05-30T23:59:00,0.04s
3774,2013-05-31T23:59:00,0.00
3800,2013-06-01T23:59:00,0.00
3825,2013-06-02T23:59:00,0.10s
3850,2013-06-03T23:59:00,0.01s
3875,2013-06-04T23:59:00,0.00
3900,2013-06-05T23:59:00,0.00
3925,2013-06-06T23:59:00,0.00
3950,2013-06-07T23:59:00,0.01s
3975,2013-06-08T23:59:00,0.00
4000,2013-06-09T23:59:00,0.00
4025,2013-06-10T23:59:00,0.00
4050,2013-06-11T23:59:00,0.00
4074,2013-06-12T23:59:00,0.01s
4099,2013-06-13T23:59:00,0.12s
4124,2013-06-14T23:59:00,0.00
4149,2013-06-15T23:59:00,0.00
4174,2013-06-16T23:59:00,0.00
4199,2013-06-17T23:59:00,0.00
4224,2013-06-18T23:59:00,0.00
4249,2013-06-19T23:59:00,0.02s
4274,2013-06-20T23:59:00,0.00
4299,2013-06-21T23:59:00,0.00
4324,2013-06-22T23:59:00,0.05s
4349,2013-06-23T23:59:00,0.00
4374,2013-06-24T23:59:00,0.08s
4399,2013-06-25T23:59:00,0.20s
4424,2013-06-26T23:59:00,0.16s
4449,2013-06-27T23:59:00,0.00
4474,2013-06-28T23:59:00,0.00
4499,2013-06-29T23:59:00,0.00
4524,2013-06-30T23:59:00,0.00
4550,2013-07-01T23:59:00,0.00
4575,2013-07-02T23:59:00,0.00
4600,2013-07-03T23:59:00,0.00
4625,2013-07-04T23:59:00,0.11s
4650,2013-07-05T23:59:00,0.29s
4676,2013-07-06T23:59:00,0.43s
4701,2013-07-07T23:59:00,0.00
4726,2013-07-08T23:59:00,0.00
4751,2013-07-09T23:59:00,0.00
4776,2013-07-10T23:59:00,0.00
4801,2013-07-11T23:59:00,0.03s
4826,2013-07-12T23:59:00,0.00
4851,2013-07-13T23:59:00,0.00
4876,2013-07-14T23:59:00,0.00
4901,2013-07-15T23:59:00,0.00
4926,2013-07-16T23:59:00,0.06s
4951,2013-07-17T23:59:00,0.02s
4976,2013-07-18T23:59:00,0.00
5001,2013-07-19T23:59:00,0.00
5026,2013-07-20T23:59:00,0.00
5051,2013-07-21T23:59:00,0.00
5076,2013-07-22T23:59:00,0.00
5101,2013-07-23T23:59:00,0.00
5126,2013-07-24T23:59:00,0.00
5151,2013-07-25T23:59:00,0.00
5176,2013-07-26T23:59:00,0.00
5201,2013-07-27T23:59:00,0.00
5226,2013-07-28T23:59:00,0.27s
5251,2013-07-29T23:59:00,0.03s
5277,2013-07-30T23:59:00,0.23s
5302,2013-07-31T23:59:00,0.13s
5328,2013-08-01T23:59:00,0.11s
5353,2013-08-02T23:59:00,0.00
5378,2013-08-03T23:59:00,0.00
5403,2013-08-04T23:59:00,0.00
5428,2013-08-05T23:59:00,0.00
5453,2013-08-06T23:59:00,0.00
5478,2013-08-07T23:59:00,0.00
5503,2013-08-08T23:59:00,0.02s
5528,2013-08-09T23:59:00,0.05s
5553,2013-08-10T23:59:00,0.00
5578,2013-08-11T23:59:00,0.00
5603,2013-08-12T23:59:00,0.00
5628,2013-08-13T23:59:00,0.18s
5653,2013-08-14T23:59:00,0.00
5678,2013-08-15T23:59:00,0.00
5703,2013-08-16T23:59:00,0.00
5728,2013-08-17T23:59:00,0.00
5753,2013-08-18T23:59:00,0.00
5778,2013-08-19T23:59:00,0.00
5803,2013-08-20T23:59:00,0.00
5828,2013-08-21T23:59:00,0.32s
5850,2013-08-22T23:59:00,0.00
5869,2013-08-23T23:59:00,0.02s
5884,2013-08-24T23:59:00,0.01s
5909,2013-08-25T23:59:00,0.02s
5934,2013-08-26T23:59:00,0.00
5959,2013-08-27T23:59:00,0.00
5984,2013-08-28T23:59:00,0.02s
6009,2013-08-29T23:59:00,0.03s
6034,2013-08-30T23:59:00,0.04s
6059,2013-08-31T23:59:00,0.00
6085,2013-09-01T23:59:00,0.00
6110,2013-09-02T23:59:00,0.33s
6135,2013-09-03T23:59:00,0.08s
6160,2013-09-04T23:59:00,0.00
6185,2013-09-05T23:59:00,0.00
6210,2013-09-06T23:59:00,0.03s
6232,2013-09-07T23:59:00,0.01s
6257,2013-09-08T23:59:00,0.13s
6282,2013-09-09T23:59:00,0.19s
6307,2013-09-10T23:59:00,0.00
6331,2013-09-11T23:59:00,0.00
6356,2013-09-12T23:59:00,0.37s
6381,2013-09-13T23:59:00,0.00
6406,2013-09-14T23:59:00,0.14s
6431,2013-09-15T23:59:00,0.04s
6456,2013-09-16T23:59:00,0.00
6481,2013-09-17T23:59:00,0.68s
6506,2013-09-18T23:59:00,0.53s
6531,2013-09-19T23:59:00,0.00
6556,2013-09-20T23:59:00,0.00
6581,2013-09-21T23:59:00,0.00
6606,2013-09-22T23:59:00,0.00
6631,2013-09-23T23:59:00,0.00
6656,2013-09-24T23:59:00,0.02s
6681,2013-09-25T23:59:00,0.39s
6706,2013-09-26T23:59:00,0.12s
6731,2013-09-27T23:59:00,0.07s
6756,2013-09-28T23:59:00,0.00
6781,2013-09-29T23:59:00,0.26s
6806,2013-09-30T23:59:00,0.69s
6832,2013-10-01T23:59:00,0.00
6857,2013-10-02T23:59:00,0.00
6882,2013-10-03T23:59:00,0.71s
6907,2013-10-04T23:59:00,0.00
6932,2013-10-05T23:59:00,0.00
6957,2013-10-06T23:59:00,0.00
6982,2013-10-07T23:59:00,0.00
7007,2013-10-08T23:59:00,0.00
7032,2013-10-09T23:59:00,0.00
7057,2013-10-10T23:59:00,0.18s
7082,2013-10-11T23:59:00,0.01s
7107,2013-10-12T23:59:00,0.02s
7132,2013-10-13T23:59:00,0.30s
7157,2013-10-14T23:59:00,0.05s
7182,2013-10-15T23:59:00,0.00
7207,2013-10-16T23:59:00,0.00
7232,2013-10-17T23:59:00,0.06s
7257,2013-10-18T23:59:00,0.00
7282,2013-10-19T23:59:00,0.00
7307,2013-10-20T23:59:00,0.00
7332,2013-10-21T23:59:00,0.00
7357,2013-10-22T23:59:00,0.00
7382,2013-10-23T23:59:00,0.00
7407,2013-10-24T23:59:00,0.00
7432,2013-10-25T23:59:00,0.00
7457,2013-10-26T23:59:00,0.00
7482,2013-10-27T23:59:00,0.00
7507,2013-10-28T23:59:00,0.07s
7532,2013-10-29T23:59:00,0.09s
7557,2013-10-30T23:59:00,0.06s
7582,2013-10-31T23:59:00,0.06s
7608,2013-11-01T23:59:00,0.00
7633,2013-11-02T23:59:00,0.06s
7658,2013-11-03T23:59:00,0.51s
7683,2013-11-04T23:59:00,0.06s
7708,2013-11-05T23:59:00,0.00
7733,2013-11-06T23:59:00,0.00
7758,2013-11-07T23:59:00,0.00
7783,2013-11-08T23:59:00,0.00
7808,2013-11-09T23:59:00,0.00
7833,2013-11-10T23:59:00,0.00
7858,2013-11-11T23:59:00,0.00
7883,2013-11-12T23:59:00,0.00
7908,2013-11-13T23:59:00,0.00
7933,2013-11-14T23:59:00,0.00
7958,2013-11-15T23:59:00,0.00
7983,2013-11-16T23:59:00,0.00
8008,2013-11-17T23:59:00,0.00
8033,2013-11-18T23:59:00,0.00
8058,2013-11-19T23:59:00,0.00
8083,2013-11-20T23:59:00,0.38s
8108,2013-11-21T23:59:00,0.00
8133,2013-11-22T23:59:00,0.00
8158,2013-11-23T23:59:00,0.00
8183,2013-11-24T23:59:00,0.00
8208,2013-11-25T23:59:00,0.00
8233,2013-11-26T23:59:00,0.00
8258,2013-11-27T23:59:00,0.00
8283,2013-11-28T23:59:00,0.00
8308,2013-11-29T23:59:00,0.00
8333,2013-11-30T23:59:00,0.02s
8359,2013-12-01T23:59:00,0.14s
8384,2013-12-02T23:59:00,0.30s
8409,2013-12-03T23:59:00,0.11s
8434,2013-12-04T23:59:00,0.00
8459,2013-12-05T23:59:00,0.00
8484,2013-12-06T23:59:00,0.01s
8509,2013-12-07T23:59:00,0.19s
8534,2013-12-08T23:59:00,0.00
8559,2013-12-09T23:59:00,0.01s
8584,2013-12-10T23:59:00,0.16s
8609,2013-12-11T23:59:00,0.01s
8634,2013-12-12T23:59:00,0.00
8659,2013-12-13T23:59:00,0.00
8684,2013-12-14T23:59:00,0.00
8709,2013-12-15T23:59:00,0.00
8734,2013-12-16T23:59:00,0.00
8759,2013-12-17T23:59:00,0.01s
8784,2013-12-18T23:59:00,0.00
8809,2013-12-19T23:59:00,0.00
8834,2013-12-20T23:59:00,0.10s
8859,2013-12-21T23:59:00,0.06s
8884,2013-12-22T23:59:00,0.06s
8909,2013-12-23T23:59:00,0.24s
8934,2013-12-24T23:59:00,0.16s
8959,2013-12-25T23:59:00,0.00
8984,2013-12-26T23:59:00,0.00
9009,2013-12-27T23:59:00,0.00
9034,2013-12-28T23:59:00,0.00
9059,2013-12-29T23:59:00,0.04s
9084,2013-12-30T23:59:00,0.09s
9126,2015-01-01T23:59:00,0.00
9151,2015-01-02T23:59:00,0.03s
9176,2015-01-03T23:59:00,0.05s
9201,2015-01-04T23:59:00,0.28s
9226,2015-01-05T23:59:00,0.76s
9251,2015-01-06T23:59:00,0.00
9276,2015-01-07T23:59:00,0.00
9301,2015-01-08T23:59:00,0.00
9326,2015-01-09T23:59:00,0.00
9351,2015-01-10T23:59:00,0.00
9376,2015-01-11T23:59:00,0.04s
9401,2015-01-12T23:59:00,0.01s
9426,2015-01-13T23:59:00,0.00
9451,2015-01-14T23:59:00,0.00
9476,2015-01-15T23:59:00,0.00
9501,2015-01-16T23:59:00,0.09s
9526,2015-01-17T23:59:00,0.08s
9551,2015-01-18T23:59:00,0.27s
9576,2015-01-19T23:59:00,0.00
9601,2015-01-20T23:59:00,0.00
9626,2015-01-21T23:59:00,0.00
9651,2015-01-22T23:59:00,0.00
9676,2015-01-23T23:59:00,0.04s
9701,2015-01-24T23:59:00,0.01s
9726,2015-01-25T23:59:00,0.01s
9751,2015-01-26T23:59:00,0.00
9776,2015-01-27T23:59:00,0.08s
9801,2015-01-28T23:59:00,0.28s
9826,2015-01-29T23:59:00,0.00
9851,2015-01-30T23:59:00,0.00
9876,2015-01-31T23:59:00,0.00
9902,2015-02-01T23:59:00,0.09s
9927,2015-02-02T23:59:00,0.07s
9952,2015-02-03T23:59:00,0.07s
9977,2015-02-04T23:59:00,0.05s
10002,2015-02-05T23:59:00,0.00
10027,2015-02-06T23:59:00,0.00
10050,2015-02-07T23:59:00,0.12s
10075,2015-02-08T23:59:00,0.00
10100,2015-02-09T23:59:00,0.26s
10125,2015-02-10T23:59:00,0.08s
10150,2015-02-11T23:59:00,0.00
10175,2015-02-12T23:59:00,0.00
10200,2015-02-13T23:59:00,0.00
10225,2015-02-14T23:59:00,0.00
10250,2015-02-15T23:59:00,0.03s
10275,2015-02-16T23:59:00,0.00
10300,2015-02-17T23:59:00,0.00
10325,2015-02-18T23:59:00,0.00
10350,2015-02-19T23:59:00,0.00
10375,2015-02-20T23:59:00,0.02s
10400,2015-02-21T23:59:00,0.05s
10425,2015-02-22T23:59:00,0.00
10450,2015-02-23T23:59:00,0.00
10475,2015-02-24T23:59:00,0.00
10500,2015-02-25T23:59:00,0.02s
10525,2015-02-26T23:59:00,0.00
10550,2015-02-27T23:59:00,0.00
10575,2015-02-28T23:59:00,0.00
10601,2015-03-01T23:59:00,0.00
10626,2015-03-02T23:59:00,0.05s
10651,2015-03-03T23:59:00,0.06s
10676,2015-03-04T23:59:00,0.00
10701,2015-03-05T23:59:00,0.00
10726,2015-03-06T23:59:00,0.00
10751,2015-03-07T23:59:00,0.00
10776,2015-03-08T23:59:00,0.00
10801,2015-03-09T23:59:00,0.00
10826,2015-03-10T23:59:00,0.00
10851,2015-03-11T23:59:00,0.00
10876,2015-03-12T23:59:00,0.01s
10901,2015-03-13T23:59:00,0.00
10926,2015-03-14T23:59:00,0.00
10951,2015-03-15T23:59:00,0.00
10976,2015-03-16T23:59:00,0.03s
11001,2015-03-17T23:59:00,0.07s
11026,2015-03-18T23:59:00,0.00
11051,2015-03-19T23:59:00,0.00
11076,2015-03-20T23:59:00,0.00
11101,2015-03-21T23:59:00,0.02s
11126,2015-03-22T23:59:00,0.00
11151,2015-03-23T23:59:00,0.22s
11176,2015-03-24T23:59:00,0.27s
11201,2015-03-25T23:59:00,0.01s
11226,2015-03-26T23:59:00,0.00
11251,2015-03-27T23:59:00,0.00
11276,2015-03-28T23:59:00,0.01s
11301,2015-03-29T23:59:00,0.00
11326,2015-03-30T23:59:00,0.00
11351,2015-03-31T23:59:00,0.00
11369,2015-04-01T23:59:00,0.07s
11394,2015-04-02T23:59:00,0.01s
11419,2015-04-03T23:59:00,0.00
11444,2015-04-04T23:59:00,0.00
11469,2015-04-05T23:59:00,0.09s
11494,2015-04-06T23:59:00,0.23s
11519,2015-04-07T23:59:00,0.00
11544,2015-04-08T23:59:00,0.00
11569,2015-04-09T23:59:00,0.01s
11594,2015-04-10T23:59:00,0.01s
11619,2015-04-11T23:59:00,0.00
11644,2015-04-12T23:59:00,0.11s
11669,2015-04-13T23:59:00,0.00
11694,2015-04-14T23:59:00,0.02s
11719,2015-04-15T23:59:00,0.09s
11744,2015-04-16T23:59:00,0.00
11769,2015-04-17T23:59:00,0.00
11794,2015-04-18T23:59:00,0.00
11819,2015-04-19T23:59:00,0.00
11844,2015-04-20T23:59:00,0.00
11869,2015-04-21T23:59:00,0.00
11894,2015-04-22T23:59:00,0.00
11919,2015-04-23T23:59:00,0.04s
11944,2015-04-24T23:59:00,0.12s
11969,2015-04-25T23:59:00,0.02s
11994,2015-04-26T23:59:00,0.13s
12018,2015-04-27T23:59:00,0.00
12043,2015-04-28T23:59:00,0.00
12068,2015-04-29T23:59:00,0.00
12093,2015-04-30T23:59:00,0.04s
12119,2015-05-01T23:59:00,0.00
12144,2015-05-02T23:59:00,0.00
12169,2015-05-03T23:59:00,0.04s
12194,2015-05-04T23:59:00,0.00
12219,2015-05-05T23:59:00,0.00
12244,2015-05-06T23:59:00,0.05s
12269,2015-05-07T23:59:00,0.07s
12294,2015-05-08T23:59:00,0.11s
12319,2015-05-09T23:59:00,0.00
12344,2015-05-10T23:59:00,0.00
12369,2015-05-11T23:59:00,0.00
12394,2015-05-12T23:59:00,0.39s
12419,2015-05-13T23:59:00,0.10s
12444,2015-05-14T23:59:00,0.14s
12469,2015-05-15T23:59:00,0.64s
12489,2015-05-16T23:59:00,0.40s
12513,2015-05-17T23:59:00,0.00
12538,2015-05-18T23:59:00,0.00
12563,2015-05-19T23:59:00,0.00
12588,2015-05-20T23:59:00,0.00
12613,2015-05-21T23:59:00,0.01s
12638,2015-05-22T23:59:00,0.10s
12663,2015-05-23T23:59:00,0.06s
12688,2015-05-24T23:59:00,0.02s
12713,2015-05-25T23:59:00,0.11s
12738,2015-05-26T23:59:00,0.07s
12763,2015-05-27T23:59:00,0.03s
12788,2015-05-28T23:59:00,0.54s
12813,2015-05-29T23:59:00,0.10s
12838,2015-05-30T23:59:00,0.13s
12863,2015-05-31T23:59:00,0.00
12889,2015-06-01T23:59:00,0.06s
12913,2015-06-02T23:59:00,0.00
12938,2015-06-03T23:59:00,0.00
12963,2015-06-04T23:59:00,0.00
12988,2015-06-05T23:59:00,0.00
13013,2015-06-06T23:59:00,0.04s
13038,2015-06-07T23:59:00,0.00
13063,2015-06-08T23:59:00,0.00
13088,2015-06-09T23:59:00,0.00
13113,2015-06-10T23:59:00,0.13s
13138,2015-06-11T23:59:00,0.00
13163,2015-06-12T23:59:00,0.00
13188,2015-06-13T23:59:00,0.00
13213,2015-06-14T23:59:00,0.00
13238,2015-06-15T23:59:00,0.22s
13263,2015-06-16T23:59:00,0.44s
13288,2015-06-17T23:59:00,0.01s
13313,2015-06-18T23:59:00,0.00
13338,2015-06-19T23:59:00,0.00
13363,2015-06-20T23:59:00,0.00
13388,2015-06-21T23:59:00,0.00
13413,2015-06-22T23:59:00,0.00
13438,2015-06-23T23:59:00,0.00
13463,2015-06-24T23:59:00,0.00
13488,2015-06-25T23:59:00,0.00
13513,2015-06-26T23:59:00,0.00
13538,2015-06-27T23:59:00,0.00
13563,2015-06-28T23:59:00,0.01s
13588,2015-06-29T23:59:00,0.00
13613,2015-06-30T23:59:00,0.00
13639,2015-07-01T23:59:00,0.00
13664,2015-07-02T23:59:00,0.00
13689,2015-07-03T23:59:00,0.00
13714,2015-07-04T23:59:00,0.00
13739,2015-07-05T23:59:00,0.30s
13764,2015-07-06T23:59:00,0.25s
13789,2015-07-07T23:59:00,0.00
13814,2015-07-08T23:59:00,0.17s
13839,2015-07-09T23:59:00,0.05s
13864,2015-07-10T23:59:00,0.00
13889,2015-07-11T23:59:00,0.00
13914,2015-07-12T23:59:00,0.01s
13939,2015-07-13T23:59:00,0.03s
13964,2015-07-14T23:59:00,0.00
13989,2015-07-15T23:59:00,0.07s
14014,2015-07-16T23:59:00,0.00
14039,2015-07-17T23:59:00,0.00
14064,2015-07-18T23:59:00,0.01s
14089,2015-07-19T23:59:00,0.00
14114,2015-07-20T23:59:00,0.00
14139,2015-07-21T23:59:00,0.02s
14164,2015-07-22T23:59:00,0.01s
14189,2015-07-23T23:59:00,0.09s
14214,2015-07-24T23:59:00,0.00
14239,2015-07-25T23:59:00,0.00
14264,2015-07-26T23:59:00,0.00
14289,2015-07-27T23:59:00,0.12s
14314,2015-07-28T23:59:00,0.00
14339,2015-07-29T23:59:00,0.00
14364,2015-07-30T23:59:00,0.00
14389,2015-07-31T23:59:00,0.00
14415,2015-08-01T23:59:00,0.00
14440,2015-08-02T23:59:00,0.00
14465,2015-08-03T23:59:00,0.18s
14490,2015-08-04T23:59:00,0.09s
14515,2015-08-05T23:59:00,0.33s
14540,2015-08-06T23:59:00,0.00
14565,2015-08-07T23:59:00,0.00
14590,2015-08-08T23:59:00,0.50s
14615,2015-08-09T23:59:00,0.00
14640,2015-08-10T23:59:00,0.00
14665,2015-08-11T23:59:00,0.00
14690,2015-08-12T23:59:00,0.06s
14715,2015-08-13T23:59:00,0.01s
14740,2015-08-14T23:59:00,0.33s
14765,2015-08-15T23:59:00,0.00
14790,2015-08-16T23:59:00,0.00
14815,2015-08-17T23:59:00,0.00
14840,2015-08-18T23:59:00,0.00
14865,2015-08-19T23:59:00,0.00
14890,2015-08-20T23:59:00,0.00
14915,2015-08-21T23:59:00,0.00
14940,2015-08-22T23:59:00,0.00
14965,2015-08-23T23:59:00,0.00
14990,2015-08-24T23:59:00,0.00
15015,2015-08-25T23:59:00,0.00
15040,2015-08-26T23:59:00,0.00
15065,2015-08-27T23:59:00,0.26s
15090,2015-08-28T23:59:00,0.00
15115,2015-08-29T23:59:00,0.04s
15140,2015-08-30T23:59:00,0.05s
15165,2015-08-31T23:59:00,0.00
15191,2015-09-01T23:59:00,0.00
15216,2015-09-02T23:59:00,0.06s
15241,2015-09-03T23:59:00,0.16s
15266,2015-09-04T23:59:00,0.14s
15291,2015-09-05T23:59:00,0.21s
15316,2015-09-06T23:59:00,0.00
15341,2015-09-07T23:59:00,0.00
15366,2015-09-08T23:59:00,0.00
15391,2015-09-09T23:59:00,0.00
15416,2015-09-10T23:59:00,0.00
15441,2015-09-11T23:59:00,0.00
15466,2015-09-12T23:59:00,0.00
15491,2015-09-13T23:59:00,0.00
15516,2015-09-14T23:59:00,0.07s
15541,2015-09-15T23:59:00,0.69s
15566,2015-09-16T23:59:00,0.37s
15591,2015-09-17T23:59:00,0.20s
15616,2015-09-18T23:59:00,0.00
15641,2015-09-19T23:59:00,0.00
15666,2015-09-20T23:59:00,0.00
15691,2015-09-21T23:59:00,0.00
15716,2015-09-22T23:59:00,0.00
15741,2015-09-23T23:59:00,0.00
15766,2015-09-24T23:59:00,0.00
15791,2015-09-25T23:59:00,0.00
15816,2015-09-26T23:59:00,0.00
15841,2015-09-27T23:59:00,0.00
15866,2015-09-28T23:59:00,0.00
15891,2015-09-29T23:59:00,0.00
15916,2015-09-30T23:59:00,0.00
15942,2015-10-01T23:59:00,0.06s
15967,2015-10-02T23:59:00,0.39s
15992,2015-10-03T23:59:00,0.33s
16017,2015-10-04T23:59:00,0.00
16042,2015-10-05T23:59:00,0.00
16067,2015-10-06T23:59:00,0.00
16092,2015-10-07T23:59:00,0.00
16117,2015-10-08T23:59:00,0.00
16142,2015-10-09T23:59:00,0.00
16167,2015-10-10T23:59:00,0.00
16186,2015-10-11T23:59:00,0.00
16211,2015-10-12T23:59:00,0.00
16236,2015-10-13T23:59:00,0.00
16261,2015-10-14T23:59:00,0.00
16286,2015-10-15T23:59:00,0.00
16311,2015-10-16T23:59:00,0.00
16336,2015-10-17T23:59:00,0.00
16361,2015-10-18T23:59:00,0.02s
16385,2015-10-19T23:59:00,0.43s
16404,2015-10-20T23:59:00,0.04s
16429,2015-10-21T23:59:00,0.00
16454,2015-10-22T23:59:00,0.00
16479,2015-10-23T23:59:00,0.00
16504,2015-10-24T23:59:00,0.00
16529,2015-10-25T23:59:00,0.01s
16553,2015-10-26T23:59:00,0.08s
16578,2015-10-27T23:59:00,0.02s
16603,2015-10-28T23:59:00,0.00
16628,2015-10-29T23:59:00,0.10s
16653,2015-10-30T23:59:00,0.05s
16678,2015-10-31T23:59:00,0.09s
16704,2015-11-01T23:59:00,0.09s
16729,2015-11-02T23:59:00,0.42s
16754,2015-11-03T23:59:00,0.38s
16779,2015-11-04T23:59:00,0.03s
16804,2015-11-05T23:59:00,0.10s
16829,2015-11-06T23:59:00,0.06s
16854,2015-11-07T23:59:00,0.00
16879,2015-11-08T23:59:00,0.00
16904,2015-11-09T23:59:00,0.12s
16929,2015-11-10T23:59:00,0.02s
16954,2015-11-11T23:59:00,0.01s
16979,2015-11-12T23:59:00,0.01s
17004,2015-11-13T23:59:00,0.00
17029,2015-11-14T23:59:00,0.00
17054,2015-11-15T23:59:00,0.00
17079,2015-11-16T23:59:00,0.00
17104,2015-11-17T23:59:00,0.02s
17129,2015-11-18T23:59:00,0.22s
17154,2015-11-19T23:59:00,0.25s
17179,2015-11-20T23:59:00,0.03s
17204,2015-11-21T23:59:00,0.00
17229,2015-11-22T23:59:00,0.00
17254,2015-11-23T23:59:00,0.01s
17279,2015-11-24T23:59:00,0.00
17304,2015-11-25T23:59:00,0.01s
17329,2015-11-26T23:59:00,0.00
17354,2015-11-27T23:59:00,0.00
17379,2015-11-28T23:59:00,0.01s
17404,2015-11-29T23:59:00,0.00
17429,2015-11-30T23:59:00,0.01s
17455,2015-12-01T23:59:00,0.00
17480,2015-12-02T23:59:00,0.01s
17505,2015-12-03T23:59:00,0.00
17530,2015-12-04T23:59:00,0.03s
17555,2015-12-05T23:59:00,0.01s
17580,2015-12-06T23:59:00,0.00
17605,2015-12-07T23:59:00,0.24s
17630,2015-12-08T23:59:00,0.08s
17655,2015-12-09T23:59:00,0.19s
17680,2015-12-10T23:59:00,0.32s
17705,2015-12-11T23:59:00,0.08s
17730,2015-12-12T23:59:00,0.06s
17755,2015-12-13T23:59:00,0.20s
17780,2015-12-14T23:59:00,0.24s
17805,2015-12-15T23:59:00,0.00
17830,2015-12-16T23:59:00,0.03s
17855,2015-12-17T23:59:00,0.04s
17880,2015-12-18T23:59:00,0.35s
17905,2015-12-19T23:59:00,0.20s
17930,2015-12-20T23:59:00,0.11s
17955,2015-12-21T23:59:00,0.46s
17980,2015-12-22T23:59:00,0.18s
18005,2015-12-23T23:59:00,0.04s
18030,2015-12-24T23:59:00,0.08s
18055,2015-12-25T23:59:00,0.06s
18080,2015-12-26T23:59:00,0.00
18105,2015-12-27T23:59:00,0.00
18130,2015-12-28T23:59:00,0.00
18155,2015-12-29T23:59:00,0.00
18180,2015-12-30T23:59:00,0.03s
18205,2015-12-31T23:59:00,0.00
18231,2016-01-01T23:59:00,0.00
18256,2016-01-02T23:59:00,0.00
18281,2016-01-03T23:59:00,0.00
18306,2016-01-04T23:59:00,0.00
18331,2016-01-05T23:59:00,0.00
18356,2016-01-06T23:59:00,0.01s
18381,2016-01-07T23:59:00,0.00
18406,2016-01-08T23:59:00,0.00
18431,2016-01-09T23:59:00,0.02s
18456,2016-01-10T23:59:00,0.00
18481,2016-01-11T23:59:00,0.00
18506,2016-01-12T23:59:00,0.00
18531,2016-01-13T23:59:00,0.00
18556,2016-01-14T23:59:00,0.06s
18581,2016-01-15T23:59:00,0.01s
18606,2016-01-16T23:59:00,0.18s
18631,2016-01-17T23:59:00,0.05s
18656,2016-01-18T23:59:00,0.17s
18681,2016-01-19T23:59:00,0.03s
18706,2016-01-20T23:59:00,0.06s
18731,2016-01-21T23:59:00,0.02s
18756,2016-01-22T23:59:00,0.00
18781,2016-01-23T23:59:00,0.03s
18806,2016-01-24T23:59:00,0.03s
18831,2016-01-25T23:59:00,0.00
18856,2016-01-26T23:59:00,0.00
18881,2016-01-27T23:59:00,0.00
18906,2016-01-28T23:59:00,0.04s
18931,2016-01-29T23:59:00,0.38s
18956,2016-01-30T23:59:00,0.12s
18981,2016-01-31T23:59:00,0.00
19007,2016-02-01T23:59:00,0.00
19032,2016-02-02T23:59:00,0.00
19057,2016-02-03T23:59:00,0.00
19082,2016-02-04T23:59:00,0.02s
19107,2016-02-05T23:59:00,0.00
19132,2016-02-06T23:59:00,0.00
19157,2016-02-07T23:59:00,0.00
19182,2016-02-08T23:59:00,0.00
19207,2016-02-09T23:59:00,0.00
19232,2016-02-10T23:59:00,0.00
19257,2016-02-11T23:59:00,0.00
19282,2016-02-12T23:59:00,0.04s
19307,2016-02-13T23:59:00,0.05s
19332,2016-02-14T23:59:00,0.18s
19356,2016-02-15T23:59:00,0.51s
19381,2016-02-16T23:59:00,0.00
19406,2016-02-17T23:59:00,0.00
19431,2016-02-18T23:59:00,0.22s
19456,2016-02-19T23:59:00,0.07s
19481,2016-02-20T23:59:00,0.13s
19506,2016-02-21T23:59:00,0.00
19531,2016-02-22T23:59:00,0.03s
19556,2016-02-23T23:59:00,0.00
19581,2016-02-24T23:59:00,0.00
19606,2016-02-25T23:59:00,0.00
19631,2016-02-26T23:59:00,0.00
19656,2016-02-27T23:59:00,0.05s
19681,2016-02-28T23:59:00,0.00
19706,2016-02-29T23:59:00,0.14s
19732,2016-03-01T23:59:00,0.04s
19757,2016-03-02T23:59:00,0.06s
19782,2016-03-03T23:59:00,0.00
19807,2016-03-04T23:59:00,0.00
19832,2016-03-05T23:59:00,0.00
19857,2016-03-06T23:59:00,0.05s
19882,2016-03-07T23:59:00,0.04s
19907,2016-03-08T23:59:00,0.01s
19932,2016-03-09T23:59:00,0.14s
19957,2016-03-10T23:59:00,0.00
19982,2016-03-11T23:59:00,0.00
20007,2016-03-12T23:59:00,0.00
20032,2016-03-13T23:59:00,0.12s
20057,2016-03-14T23:59:00,0.75s
20082,2016-03-15T23:59:00,0.09s
20107,2016-03-16T23:59:00,0.01s
20132,2016-03-17T23:59:00,0.00
20157,2016-03-18T23:59:00,0.00
20182,2016-03-19T23:59:00,0.00
20207,2016-03-20T23:59:00,0.00
20232,2016-03-21T23:59:00,0.25s
20257,2016-03-22T23:59:00,0.11s
20282,2016-03-23T23:59:00,0.01s
20307,2016-03-24T23:59:00,0.17s
20332,2016-03-25T23:59:00,0.03s
20357,2016-03-26T23:59:00,0.00
20382,2016-03-27T23:59:00,0.08s
20407,2016-03-28T23:59:00,0.22s
20432,2016-03-29T23:59:00,0.01s
20457,2016-03-30T23:59:00,0.00
20482,2016-03-31T23:59:00,0.06s
20508,2016-04-01T23:59:00,0.00
20533,2016-04-02T23:59:00,0.00
20558,2016-04-03T23:59:00,0.00
20583,2016-04-04T23:59:00,0.34s
20608,2016-04-05T23:59:00,0.00
20633,2016-04-06T23:59:00,0.00
20658,2016-04-07T23:59:00,0.00
20683,2016-04-08T23:59:00,0.00
20708,2016-04-09T23:59:00,0.00
20733,2016-04-10T23:59:00,0.00
20758,2016-04-11T23:59:00,0.01s
20783,2016-04-12T23:59:00,0.01s
20808,2016-04-13T23:59:00,0.15s
20833,2016-04-14T23:59:00,0.28s
20858,2016-04-15T23:59:00,0.01s
20883,2016-04-16T23:59:00,0.00
20908,2016-04-17T23:59:00,0.00
20933,2016-04-18T23:59:00,0.00
20958,2016-04-19T23:59:00,0.00
20983,2016-04-20T23:59:00,0.00
21008,2016-04-21T23:59:00,0.00
21033,2016-04-22T23:59:00,0.00
21057,2016-04-23T23:59:00,0.02s
21071,2016-04-24T23:59:00,0.12s
21096,2016-04-25T23:59:00,0.39s
21121,2016-04-26T23:59:00,0.00
21146,2016-04-27T23:59:00,0.00
21171,2016-04-28T23:59:00,0.01s
21196,2016-04-29T23:59:00,0.00
21221,2016-04-30T23:59:00,0.01s
21247,2016-05-01T23:59:00,0.00
21272,2016-05-02T23:59:00,0.00
21297,2016-05-03T23:59:00,0.00
21322,2016-05-04T23:59:00,0.00
21347,2016-05-05T23:59:00,0.00
21372,2016-05-06T23:59:00,0.00
21397,2016-05-07T23:59:00,0.00
21422,2016-05-08T23:59:00,0.00
21447,2016-05-09T23:59:00,0.12s
21472,2016-05-10T23:59:00,0.08s
21497,2016-05-11T23:59:00,0.00
21522,2016-05-12T23:59:00,0.00
21547,2016-05-13T23:59:00,0.00
21572,2016-05-14T23:59:00,0.19s
21597,2016-05-15T23:59:00,0.34s
21622,2016-05-16T23:59:00,0.02s
21647,2016-05-17T23:59:00,0.00
21672,2016-05-18T23:59:00,0.01s
21697,2016-05-19T23:59:00,0.16s
21722,2016-05-20T23:59:00,0.20s
21747,2016-05-21T23:59:00,0.34s
21772,2016-05-22T23:59:00,0.03s
21797,2016-05-23T23:59:00,0.04s
21822,2016-05-24T23:59:00,0.27s
21847,2016-05-25T23:59:00,0.41s
21872,2016-05-26T23:59:00,0.42s
21897,2016-05-27T23:59:00,0.11s
21922,2016-05-28T23:59:00,0.00
21947,2016-05-29T23:59:00,0.05s
21972,2016-05-30T23:59:00,0.02s
21997,2016-05-31T23:59:00,0.00
22023,2016-06-01T23:59:00,0.00
22048,2016-06-02T23:59:00,0.00
22073,2016-06-03T23:59:00,0.00
22098,2016-06-04T23:59:00,0.00
22123,2016-06-05T23:59:00,0.00
22148,2016-06-06T23:59:00,0.00
22173,2016-06-07T23:59:00,0.25s
22198,2016-06-08T23:59:00,0.00
22223,2016-06-09T23:59:00,0.00
22248,2016-06-10T23:59:00,0.00
22273,2016-06-11T23:59:00,0.15s
22298,2016-06-12T23:59:00,0.00
22323,2016-06-13T23:59:00,0.03s
22348,2016-06-14T23:59:00,0.10s
22373,2016-06-15T23:59:00,0.30s
22398,2016-06-16T23:59:00,0.00
22423,2016-06-17T23:59:00,0.00
22448,2016-06-18T23:59:00,0.00
22473,2016-06-19T23:59:00,0.00
22495,2016-06-20T23:59:00,0.00
22520,2016-06-21T23:59:00,0.00
22545,2016-06-22T23:59:00,0.00
22570,2016-06-23T23:59:00,0.00
22595,2016-06-24T23:59:00,0.00
22620,2016-06-25T23:59:00,0.00
22645,2016-06-26T23:59:00,0.00
22670,2016-06-27T23:59:00,0.00
22695,2016-06-28T23:59:00,0.09s
22720,2016-06-29T23:59:00,0.00
22745,2016-06-30T23:59:00,0.03s
22771,2016-07-01T23:59:00,0.06s
22796,2016-07-02T23:59:00,0.02s
22816,2016-07-03T23:59:00,0.00
22841,2016-07-04T23:59:00,0.07s
22866,2016-07-05T23:59:00,0.00
22891,2016-07-06T23:59:00,0.00
22916,2016-07-07T23:59:00,0.00
22941,2016-07-08T23:59:00,0.00
22966,2016-07-09T23:59:00,0.00
22991,2016-07-10T23:59:00,0.63s
23016,2016-07-11T23:59:00,0.03s
23041,2016-07-12T23:59:00,0.00
23066,2016-07-13T23:59:00,0.00
23091,2016-07-14T23:59:00,0.00
23116,2016-07-15T23:59:00,0.00
23141,2016-07-16T23:59:00,0.00
23166,2016-07-17T23:59:00,0.00
23191,2016-07-18T23:59:00,0.00
23216,2016-07-19T23:59:00,0.00
23241,2016-07-20T23:59:00,0.02s
23266,2016-07-21T23:59:00,0.00
23291,2016-07-22T23:59:00,0.00
23316,2016-07-23T23:59:00,0.00
23341,2016-07-24T23:59:00,0.00
23366,2016-07-25T23:59:00,0.00
23391,2016-07-26T23:59:00,0.00
23416,2016-07-27T23:59:00,0.05s
23441,2016-07-28T23:59:00,0.03s
23466,2016-07-29T23:59:00,0.00
23491,2016-07-30T23:59:00,0.00
23516,2016-07-31T23:59:00,0.00
23542,2016-08-01T23:59:00,0.00
23567,2016-08-02T23:59:00,0.00
23592,2016-08-03T23:59:00,0.00
23617,2016-08-04T23:59:00,0.00
23642,2016-08-05T23:59:00,0.00
23667,2016-08-06T23:59:00,0.02s
23692,2016-08-07T23:59:00,0.04s
23717,2016-08-08T23:59:00,0.00
23742,2016-08-09T23:59:00,0.00
23767,2016-08-10T23:59:00,0.00
23792,2016-08-11T23:59:00,0.02s
23817,2016-08-12T23:59:00,0.00
23842,2016-08-13T23:59:00,0.00
23867,2016-08-14T23:59:00,0.03s
23892,2016-08-15T23:59:00,0.00
23917,2016-08-16T23:59:00,0.00
23942,2016-08-17T23:59:00,0.00
23967,2016-08-18T23:59:00,0.12s
23992,2016-08-19T23:59:00,0.00
24017,2016-08-20T23:59:00,0.00
24042,2016-08-21T23:59:00,0.00
24067,2016-08-22T23:59:00,0.00
24092,2016-08-23T23:59:00,0.00
24117,2016-08-24T23:59:00,0.10s
24142,2016-08-25T23:59:00,0.00
24167,2016-08-26T23:59:00,0.03s
24192,2016-08-27T23:59:00,0.00
24217,2016-08-28T23:59:00,0.00
24242,2016-08-29T23:59:00,0.00
24267,2016-08-30T23:59:00,0.00
24292,2016-08-31T23:59:00,0.00
24318,2016-09-01T23:59:00,0.00
24343,2016-09-02T23:59:00,0.00
24368,2016-09-03T23:59:00,0.00
24393,2016-09-04T23:59:00,0.03s
24418,2016-09-05T23:59:00,0.19s
24443,2016-09-06T23:59:00,0.00
24468,2016-09-07T23:59:00,0.00
24493,2016-09-08T23:59:00,0.00
24518,2016-09-09T23:59:00,0.00
24543,2016-09-10T23:59:00,0.00
24568,2016-09-11T23:59:00,0.00
24593,2016-09-12T23:59:00,0.76s
24618,2016-09-13T23:59:00,0.01s
24643,2016-09-14T23:59:00,0.00
24668,2016-09-15T23:59:00,0.00
24693,2016-09-16T23:59:00,0.00
24718,2016-09-17T23:59:00,0.00
24743,2016-09-18T23:59:00,0.00
24768,2016-09-19T23:59:00,0.00
24793,2016-09-20T23:59:00,0.00
24818,2016-09-21T23:59:00,0.02s
24843,2016-09-22T23:59:00,0.68s
24868,2016-09-23T23:59:00,0.37s
24893,2016-09-24T23:59:00,0.07s
24918,2016-09-25T23:59:00,0.00
24943,2016-09-26T23:59:00,0.00
24968,2016-09-27T23:59:00,0.00
24993,2016-09-28T23:59:00,0.00
25018,2016-09-29T23:59:00,0.01s
25043,2016-09-30T23:59:00,0.51s
25069,2016-10-01T23:59:00,0.21s
25094,2016-10-02T23:59:00,0.52s
25119,2016-10-03T23:59:00,0.59s
25144,2016-10-04T23:59:00,0.13s
25169,2016-10-05T23:59:00,0.01s
25194,2016-10-06T23:59:00,0.04s
25219,2016-10-07T23:59:00,0.00
25244,2016-10-08T23:59:00,0.00
25269,2016-10-09T23:59:00,0.00
25294,2016-10-10T23:59:00,0.07s
25319,2016-10-11T23:59:00,0.30s
25344,2016-10-12T23:59:00,0.00
25369,2016-10-13T23:59:00,0.00
25394,2016-10-14T23:59:00,0.49s
25419,2016-10-15T23:59:00,0.42s
25444,2016-10-16T23:59:00,0.58s
25469,2016-10-17T23:59:00,0.36s
25494,2016-10-18T23:59:00,0.17s
25519,2016-10-19T23:59:00,0.06s
25544,2016-10-20T23:59:00,0.00
25569,2016-10-21T23:59:00,0.00
25594,2016-10-22T23:59:00,0.00
25619,2016-10-23T23:59:00,0.00
25644,2016-10-24T23:59:00,0.14s
25669,2016-10-25T23:59:00,0.12s
25694,2016-10-26T23:59:00,0.00
25719,2016-10-27T23:59:00,0.00
25744,2016-10-28T23:59:00,0.56s
25769,2016-10-29T23:59:00,0.32s
25794,2016-10-30T23:59:00,0.64s
25819,2016-10-31T23:59:00,0.05s
25845,2016-11-01T23:59:00,0.10s
25870,2016-11-02T23:59:00,0.00
25895,2016-11-03T23:59:00,0.00
25920,2016-11-04T23:59:00,0.00
25945,2016-11-05T23:59:00,0.00
25970,2016-11-06T23:59:00,0.00
25995,2016-11-07T23:59:00,0.00
26020,2016-11-08T23:59:00,0.00
26044,2016-11-09T23:59:00,0.00
26069,2016-11-10T23:59:00,0.00
26094,2016-11-11T23:59:00,0.00
26119,2016-11-12T23:59:00,0.00
26144,2016-11-13T23:59:00,0.00
26169,2016-11-14T23:59:00,0.17s
26194,2016-11-15T23:59:00,0.06s
26219,2016-11-16T23:59:00,0.31s
26243,2016-11-17T23:59:00,0.11s
26268,2016-11-18T23:59:00,0.00
26293,2016-11-19T23:59:00,0.00
26318,2016-11-20T23:59:00,0.00
26343,2016-11-21T23:59:00,0.18s
26368,2016-11-22T23:59:00,0.00
26393,2016-11-23T23:59:00,0.08s
26418,2016-11-24T23:59:00,0.01s
26443,2016-11-25T23:59:00,0.01s
26468,2016-11-26T23:59:00,0.00
26493,2016-11-27T23:59:00,0.16s
26518,2016-11-28T23:59:00,0.11s
26543,2016-11-29T23:59:00,0.02s
26568,2016-11-30T23:59:00,0.02s
26594,2016-12-01T23:59:00,0.07s
26619,2016-12-02T23:59:00,0.00
26644,2016-12-03T23:59:00,0.05s
26669,2016-12-04T23:59:00,0.39s
26694,2016-12-05T23:59:00,0.02s
26719,2016-12-06T23:59:00,0.00
26744,2016-12-07T23:59:00,0.00
26769,2016-12-08T23:59:00,0.06s
26794,2016-12-09T23:59:00,0.13s
26819,2016-12-10T23:59:00,0.21s
26844,2016-12-11T23:59:00,0.04s
26869,2016-12-12T23:59:00,0.04s
26894,2016-12-13T23:59:00,0.00
26919,2016-12-14T23:59:00,0.21s
26944,2016-12-15T23:59:00,0.88s
26951,2016-12-16T23:59:00,0.00
26976,2016-12-17T23:59:00,0.00
27001,2016-12-18T23:59:00,0.00
27026,2016-12-19T23:59:00,0.04s
27051,2016-12-20T23:59:00,0.36s
27076,2016-12-21T23:59:00,0.01s
27101,2016-12-22T23:59:00,0.03s
27126,2016-12-23T23:59:00,0.05s
27151,2016-12-24T23:59:00,0.07s
27176,2016-12-25T23:59:00,0.17s
27201,2016-12-26T23:59:00,0.00
27226,2016-12-27T23:59:00,0.16s
27251,2016-12-28T23:59:00,0.04s
27276,2016-12-29T23:59:00,0.00
27301,2016-12-30T23:59:00,0.07s
27326,2016-12-31T23:59:00,0.00
27352,2017-01-01T23:59:00,0.04s
27377,2017-01-02T23:59:00,0.04s
27402,2017-01-03T23:59:00,0.06s
27427,2017-01-04T23:59:00,0.09s
27452,2017-01-05T23:59:00,0.00
27477,2017-01-06T23:59:00,0.00
27502,2017-01-07T23:59:00,0.07s
27527,2017-01-08T23:59:00,0.38s
27552,2017-01-09T23:59:00,0.52s
27577,2017-01-10T23:59:00,0.26s
27602,2017-01-11T23:59:00,0.82s
27627,2017-01-12T23:59:00,0.03s
27652,2017-01-13T23:59:00,0.00
27677,2017-01-14T23:59:00,0.00
27702,2017-01-15T23:59:00,0.00
27727,2017-01-16T23:59:00,0.00
27752,2017-01-17T23:59:00,0.00
27777,2017-01-18T23:59:00,0.00
27802,2017-01-19T23:59:00,0.12s
27827,2017-01-20T23:59:00,0.00
27852,2017-01-21T23:59:00,0.00
27877,2017-01-22T23:59:00,0.08s
27902,2017-01-23T23:59:00,0.00
27927,2017-01-24T23:59:00,0.01s
27952,2017-01-25T23:59:00,0.00
27977,2017-01-26T23:59:00,0.00
28002,2017-01-27T23:59:00,0.00
28027,2017-01-28T23:59:00,0.00
28052,2017-01-29T23:59:00,0.00
28077,2017-01-30T23:59:00,0.05s
28102,2017-01-31T23:59:00,0.12s
28128,2017-02-01T23:59:00,0.17s
28153,2017-02-02T23:59:00,0.41s
28178,2017-02-03T23:59:00,0.14s
28203,2017-02-04T23:59:00,0.48s
28228,2017-02-05T23:59:00,0.43s
28252,2017-02-06T23:59:00,1.19s
28277,2017-02-07T23:59:00,0.43s
28302,2017-02-08T23:59:00,0.24s
28327,2017-02-09T23:59:00,0.97s
28352,2017-02-10T23:59:00,0.76s
28377,2017-02-11T23:59:00,0.06s
28402,2017-02-12T23:59:00,0.00
28427,2017-02-13T23:59:00,0.00
28452,2017-02-14T23:59:00,0.00
28477,2017-02-15T23:59:00,0.00
28502,2017-02-16T23:59:00,0.04s
28527,2017-02-17T23:59:00,0.00
28552,2017-02-18T23:59:00,0.22s
28577,2017-02-19T23:59:00,0.36s
28602,2017-02-20T23:59:00,0.55s
28627,2017-02-21T23:59:00,0.65s
28652,2017-02-22T23:59:00,0.01s
28677,2017-02-23T23:59:00,0.00
28702,2017-02-24T23:59:00,0.09s
28727,2017-02-25T23:59:00,0.03s
28752,2017-02-26T23:59:00,0.10s
28777,2017-02-27T23:59:00,0.15s
28802,2017-02-28T23:59:00,0.07s
28828,2017-03-01T23:59:00,0.04s
28853,2017-03-02T23:59:00,0.00
28878,2017-03-03T23:59:00,0.00
28903,2017-03-04T23:59:00,0.00
28928,2017-03-05T23:59:00,0.31s
28953,2017-03-06T23:59:00,0.19s
28978,2017-03-07T23:59:00,0.04s
29003,2017-03-08T23:59:00,0.16s
29028,2017-03-09T23:59:00,0.06s
29053,2017-03-10T23:59:00,0.02s
29078,2017-03-11T23:59:00,0.01s
29103,2017-03-12T23:59:00,0.06s
29128,2017-03-13T23:59:00,0.00
29153,2017-03-14T23:59:00,0.00
29178,2017-03-15T23:59:00,0.00
29203,2017-03-16T23:59:00,0.24s
29228,2017-03-17T23:59:00,0.00
29253,2017-03-18T23:59:00,0.00
29278,2017-03-19T23:59:00,0.32s
29303,2017-03-20T23:59:00,0.21s
29328,2017-03-21T23:59:00,0.01s
29353,2017-03-22T23:59:00,0.18s
29378,2017-03-23T23:59:00,0.00
29403,2017-03-24T23:59:00,0.00
29428,2017-03-25T23:59:00,0.06s
29453,2017-03-26T23:59:00,0.01s
29478,2017-03-27T23:59:00,0.17s
29503,2017-03-28T23:59:00,0.00
29528,2017-03-29T23:59:00,0.09s
29553,2017-03-30T23:59:00,0.31s
29578,2017-03-31T23:59:00,0.00
29604,2017-04-01T23:59:00,0.00
29629,2017-04-02T23:59:00,0.41s
29654,2017-04-03T23:59:00,0.00
29679,2017-04-04T23:59:00,0.00
29704,2017-04-05T23:59:00,0.00
29729,2017-04-06T23:59:00,0.00
29754,2017-04-07T23:59:00,0.21s
29779,2017-04-08T23:59:00,0.09s
29804,2017-04-09T23:59:00,0.14s
29829,2017-04-10T23:59:00,0.06s
29854,2017-04-11T23:59:00,0.01s
29879,2017-04-12T23:59:00,0.02s
29904,2017-04-13T23:59:00,0.03s
29929,2017-04-14T23:59:00,0.06s
29954,2017-04-15T23:59:00,0.01s
29979,2017-04-16T23:59:00,0.00
30004,2017-04-17T23:59:00,0.22s
30029,2017-04-18T23:59:00,0.29s
30054,2017-04-19T23:59:00,0.05s
30079,2017-04-20T23:59:00,0.08s
30104,2017-04-21T23:59:00,0.13s
30129,2017-04-22T23:59:00,0.00
30154,2017-04-23T23:59:00,0.23s
30179,2017-04-24T23:59:00,0.18s
30204,2017-04-25T23:59:00,0.08s
30229,2017-04-26T23:59:00,0.88s
30254,2017-04-27T23:59:00,0.19s
30279,2017-04-28T23:59:00,0.01s
30304,2017-04-29T23:59:00,0.00
30329,2017-04-30T23:59:00,0.01s
30355,2017-05-01T23:59:00,0.00
30380,2017-05-02T23:59:00,0.01s
30405,2017-05-03T23:59:00,0.00
30430,2017-05-04T23:59:00,0.00
30455,2017-05-05T23:59:00,0.00
30480,2017-05-06T23:59:00,0.03s
30505,2017-05-07T23:59:00,0.00
30530,2017-05-08T23:59:00,0.00
30555,2017-05-09T23:59:00,0.06s
30580,2017-05-10T23:59:00,0.00
30605,2017-05-11T23:59:00,0.00
30630,2017-05-12T23:59:00,0.00
30655,2017-05-13T23:59:00,0.00
30680,2017-05-14T23:59:00,0.00
30705,2017-05-15T23:59:00,0.00
30730,2017-05-16T23:59:00,0.07s
30755,2017-05-17T23:59:00,0.50s
30770,2017-05-18T23:59:00,0.15s
30795,2017-05-19T23:59:00,0.00
30820,2017-05-20T23:59:00,0.05s
30845,2017-05-21T23:59:00,0.00
30870,2017-05-22T23:59:00,0.01s
30895,2017-05-23T23:59:00,0.00
30920,2017-05-24T23:59:00,0.00
30944,2017-05-25T23:59:00,0.00
30969,2017-05-26T23:59:00,0.18s
30994,2017-05-27T23:59:00,0.00
31019,2017-05-28T23:59:00,0.03s
31044,2017-05-29T23:59:00,0.00
31069,2017-05-30T23:59:00,0.00
31094,2017-05-31T23:59:00,0.00
31120,2017-06-01T23:59:00,0.03s
31145,2017-06-02T23:59:00,0.00
31170,2017-06-03T23:59:00,0.00
31195,2017-06-04T23:59:00,0.00
31220,2017-06-05T23:59:00,0.00
31245,2017-06-06T23:59:00,0.00
31270,2017-06-07T23:59:00,0.00
31295,2017-06-08T23:59:00,0.00
31320,2017-06-09T23:59:00,0.31s
31345,2017-06-10T23:59:00,0.00
31370,2017-06-11T23:59:00,0.00
31395,2017-06-12T23:59:00,0.42s
31420,2017-06-13T23:59:00,0.16s
31445,2017-06-14T23:59:00,0.00
31470,2017-06-15T23:59:00,0.00
31495,2017-06-16T23:59:00,0.27s
31520,2017-06-17T23:59:00,0.00
31545,2017-06-18T23:59:00,0.00
31570,2017-06-19T23:59:00,0.00
31595,2017-06-20T23:59:00,0.00
31620,2017-06-21T23:59:00,0.00
31645,2017-06-22T23:59:00,0.00
31670,2017-06-23T23:59:00,0.00
31695,2017-06-24T23:59:00,0.00
31720,2017-06-25T23:59:00,0.00
31745,2017-06-26T23:59:00,0.00
31770,2017-06-27T23:59:00,0.33s
31795,2017-06-28T23:59:00,0.38s
31820,2017-06-29T23:59:00,0.08s
31845,2017-06-30T23:59:00,0.00
31871,2017-07-01T23:59:00,0.00
31896,2017-07-02T23:59:00,0.06s
31921,2017-07-03T23:59:00,0.00
31946,2017-07-04T23:59:00,0.00
31971,2017-07-05T23:59:00,0.05s
31996,2017-07-06T23:59:00,0.03s
32021,2017-07-07T23:59:00,0.00
32046,2017-07-08T23:59:00,0.00
32071,2017-07-09T23:59:00,0.00
32096,2017-07-10T23:59:00,0.00
32121,2017-07-11T23:59:00,0.00
32146,2017-07-12T23:59:00,0.00
32171,2017-07-13T23:59:00,0.00
32196,2017-07-14T23:59:00,0.00
32221,2017-07-15T23:59:00,0.19s
32246,2017-07-16T23:59:00,0.00
32271,2017-07-17T23:59:00,0.00
32296,2017-07-18T23:59:00,0.00
32321,2017-07-19T23:59:00,0.00
32346,2017-07-20T23:59:00,0.05s
32371,2017-07-21T23:59:00,0.00
32396,2017-07-22T23:59:00,0.00
32421,2017-07-23T23:59:00,0.00
32446,2017-07-24T23:59:00,0.05s
32471,2017-07-25T23:59:00,0.67s
32496,2017-07-26T23:59:00,0.00
32521,2017-07-27T23:59:00,0.08s
32546,2017-07-28T23:59:00,0.51s
32570,2017-07-29T23:59:00,0.09s
32595,2017-07-30T23:59:00,0.00
32620,2017-07-31T23:59:00,0.02s
32640,2017-08-01T23:59:00,0.00
32665,2017-08-02T23:59:00,0.00
32690,2017-08-03T23:59:00,0.00
32715,2017-08-04T23:59:00,0.00
32740,2017-08-05T23:59:00,0.00
32765,2017-08-06T23:59:00,0.00
32790,2017-08-07T23:59:00,0.00
32815,2017-08-08T23:59:00,0.02s
32840,2017-08-09T23:59:00,0.52s
32865,2017-08-10T23:59:00,0.00
32890,2017-08-11T23:59:00,0.06s
32915,2017-08-12T23:59:00,0.00
32940,2017-08-13T23:59:00,0.00
32965,2017-08-14T23:59:00,0.16s
32990,2017-08-15T23:59:00,0.00
33015,2017-08-16T23:59:00,0.01s
33040,2017-08-17T23:59:00,0.00
33065,2017-08-18T23:59:00,0.00
33089,2017-08-19T23:59:00,0.00
33114,2017-08-20T23:59:00,0.00
33139,2017-08-21T23:59:00,0.00
33164,2017-08-22T23:59:00,0.00
33189,2017-08-23T23:59:00,0.07s
33214,2017-08-24T23:59:00,0.14s
33239,2017-08-25T23:59:00,0.00
33264,2017-08-26T23:59:00,0.00
33289,2017-08-27T23:59:00,0.00
33314,2017-08-28T23:59:00,0.00
33338,2017-08-29T23:59:00,0.00
33363,2017-08-30T23:59:00,0.04s
33388,2017-08-31T23:59:00,0.29s
33414,2017-09-01T23:59:00,0.00
33439,2017-09-02T23:59:00,0.00
33464,2017-09-03T23:59:00,0.00
33489,2017-09-04T23:59:00,0.00
33514,2017-09-05T23:59:00,0.00
33539,2017-09-06T23:59:00,0.00
33564,2017-09-07T23:59:00,0.00
33589,2017-09-08T23:59:00,0.02s
33614,2017-09-09T23:59:00,0.00
33639,2017-09-10T23:59:00,0.00
33664,2017-09-11T23:59:00,0.00
33689,2017-09-12T23:59:00,0.00
33714,2017-09-13T23:59:00,0.27s
33739,2017-09-14T23:59:00,0.63s
33764,2017-09-15T23:59:00,0.85s
33789,2017-09-16T23:59:00,0.07s
33814,2017-09-17T23:59:00,0.00
33839,2017-09-18T23:59:00,0.34s
33864,2017-09-19T23:59:00,0.92s
33883,2017-09-20T23:59:00,0.19s
33906,2017-09-21T23:59:00,0.01s
33919,2017-09-22T23:59:00,0.01s
33944,2017-09-23T23:59:00,0.00
33969,2017-09-24T23:59:00,0.00
33992,2017-09-25T23:59:00,0.00
34007,2017-09-26T23:59:00,0.00
34032,2017-09-27T23:59:00,0.00
34057,2017-09-28T23:59:00,0.00
34081,2017-09-29T23:59:00,0.00
34105,2017-09-30T23:59:00,0.02s
34131,2017-10-01T23:59:00,0.01s
34156,2017-10-02T23:59:00,0.00
34181,2017-10-03T23:59:00,0.00
34206,2017-10-04T23:59:00,0.06s
34231,2017-10-05T23:59:00,0.00
34256,2017-10-06T23:59:00,0.00
34281,2017-10-07T23:59:00,0.00
34306,2017-10-08T23:59:00,0.08s
34331,2017-10-09T23:59:00,0.00
34356,2017-10-10T23:59:00,0.00
34378,2017-10-11T23:59:00,0.00
34401,2017-10-12T23:59:00,0.01s
34417,2017-10-13T23:59:00,0.03s
34442,2017-10-14T23:59:00,0.18s
34467,2017-10-15T23:59:00,0.00
34492,2017-10-16T23:59:00,0.00
34499,2017-10-17T23:59:00,0.00
34516,2017-10-18T23:59:00,0.00
34541,2017-10-19T23:59:00,0.00
34566,2017-10-20T23:59:00,0.08s
34591,2017-10-21T23:59:00,0.03s
34616,2017-10-22T23:59:00,0.14s
34641,2017-10-23T23:59:00,0.00
34666,2017-10-24T23:59:00,0.00
34690,2017-10-25T23:59:00,0.00
34715,2017-10-26T23:59:00,0.06s
34740,2017-10-27T23:59:00,0.00
34765,2017-10-28T23:59:00,0.00
34790,2017-10-29T23:59:00,0.00
34815,2017-10-30T23:59:00,0.00
34840,2017-10-31T23:59:00,0.01s
34866,2017-11-01T23:59:00,0.37s
34891,2017-11-02T23:59:00,0.24s
34916,2017-11-03T23:59:00,0.65s
34934,2017-11-04T23:59:00,0.48s
34959,2017-11-05T23:59:00,0.12s
34984,2017-11-06T23:59:00,0.46s
35009,2017-11-07T23:59:00,0.00
35033,2017-11-08T23:59:00,0.00
35057,2017-11-09T23:59:00,0.01s
35082,2017-11-10T23:59:00,0.09s
35107,2017-11-11T23:59:00,0.24s
35132,2017-11-12T23:59:00,0.00
35157,2017-11-13T23:59:00,0.00
35182,2017-11-14T23:59:00,0.23s
35207,2017-11-15T23:59:00,0.06s
35232,2017-11-16T23:59:00,0.98s
35257,2017-11-17T23:59:00,0.28s
35277,2017-11-18T23:59:00,0.00
35302,2017-11-19T23:59:00,0.00
35327,2017-11-20T23:59:00,0.20s
35352,2017-11-21T23:59:00,0.06s
35377,2017-11-22T23:59:00,0.02s
35402,2017-11-23T23:59:00,0.01s
35427,2017-11-24T23:59:00,0.05s
35452,2017-11-25T23:59:00,0.00
35477,2017-11-26T23:59:00,0.00
35502,2017-11-27T23:59:00,0.52s
35527,2017-11-28T23:59:00,0.01s
35552,2017-11-29T23:59:00,0.10s
35577,2017-11-30T23:59:00,0.00
35603,2017-12-01T23:59:00,0.06s
35628,2017-12-02T23:59:00,0.00
35653,2017-12-03T23:59:00,0.31s
35678,2017-12-04T23:59:00,0.01s
35703,2017-12-05T23:59:00,0.00
35728,2017-12-06T23:59:00,0.00
35752,2017-12-07T23:59:00,0.00
35777,2017-12-08T23:59:00,0.00
35802,2017-12-09T23:59:00,0.00
35827,2017-12-10T23:59:00,0.00
35852,2017-12-11T23:59:00,0.00
35877,2017-12-12T23:59:00,0.00
35902,2017-12-13T23:59:00,0.14s
35927,2017-12-14T23:59:00,0.00
35952,2017-12-15T23:59:00,0.00
35977,2017-12-16T23:59:00,0.24s
36002,2017-12-17T23:59:00,0.01s
36027,2017-12-18T23:59:00,0.03s
36052,2017-12-19T23:59:00,0.05s
36077,2017-12-20T23:59:00,0.44s
36102,2017-12-21T23:59:00,0.00
36127,2017-12-22T23:59:00,0.20s
36152,2017-12-23T23:59:00,0.10s
36177,2017-12-24T23:59:00,0.00
36202,2017-12-25T23:59:00,0.29s
36227,2017-12-26T23:59:00,0.00
36252,2017-12-27T23:59:00,0.19s
36277,2017-12-28T23:59:00,0.04s
36302,2017-12-29T23:59:00,0.08s
36327,2017-12-30T23:59:00,0.06s
36352,2017-12-31T23:59:00,0.00
36378,2018-01-01T23:59:00,0.01s
36403,2018-01-02T23:59:00,0.00
36428,2018-01-03T23:59:00,0.00
36453,2018-01-04T23:59:00,0.00
36478,2018-01-05T23:59:00,0.00
36503,2018-01-06T23:59:00,0.06s
36528,2018-01-07T23:59:00,0.00
36553,2018-01-08T23:59:00,0.00
36578,2018-01-09T23:59:00,0.21s
36601,2018-01-10T23:59:00,0.38s
36626,2018-01-11T23:59:00,0.21s
36651,2018-01-12T23:59:00,0.09s
36676,2018-01-13T23:59:00,0.03s
36701,2018-01-14T23:59:00,0.00
36726,2018-01-15T23:59:00,0.00
36751,2018-01-16T23:59:00,0.00
36776,2018-01-17T23:59:00,0.00
36801,2018-01-18T23:59:00,0.01s
36826,2018-01-19T23:59:00,0.60s
36851,2018-01-20T23:59:00,0.04s
36876,2018-01-21T23:59:00,0.00
36901,2018-01-22T23:59:00,0.09s
36926,2018-01-23T23:59:00,0.00
36951,2018-01-24T23:59:00,0.00
36976,2018-01-25T23:59:00,0.11s
37001,2018-01-26T23:59:00,0.02s
37026,2018-01-27T23:59:00,0.09s
37051,2018-01-28T23:59:00,0.05s
37076,2018-01-29T23:59:00,0.00
37101,2018-01-30T23:59:00,0.08s
37126,2018-01-31T23:59:00,0.03s
37152,2018-02-01T23:59:00,0.00
37177,2018-02-02T23:59:00,0.28s
37202,2018-02-03T23:59:00,0.13s
37227,2018-02-04T23:59:00,0.25s
37252,2018-02-05T23:59:00,0.03s
37277,2018-02-06T23:59:00,0.01s
37302,2018-02-07T23:59:00,0.07s
37327,2018-02-08T23:59:00,0.06s
37352,2018-02-09T23:59:00,0.12s
37377,2018-02-10T23:59:00,0.00
37402,2018-02-11T23:59:00,0.00
37427,2018-02-12T23:59:00,0.02s
37452,2018-02-13T23:59:00,0.00
37477,2018-02-14T23:59:00,0.09s
37502,2018-02-15T23:59:00,0.11s
37527,2018-02-16T23:59:00,0.14s
37552,2018-02-17T23:59:00,0.35s
37577,2018-02-18T23:59:00,1.55s
37602,2018-02-19T23:59:00,0.04s
37627,2018-02-20T23:59:00,0.01s
37652,2018-02-21T23:59:00,0.00
37677,2018-02-22T23:59:00,0.01s
37702,2018-02-23T23:59:00,0.00
37727,2018-02-24T23:59:00,0.00
37752,2018-02-25T23:59:00,0.00
37777,2018-02-26T23:59:00,0.08s
37802,2018-02-27T23:59:00,0.01s
37827,2018-02-28T23:59:00,0.00
37853,2018-03-01T23:59:00,0.00
37878,2018-03-02T23:59:00,0.05s
37903,2018-03-03T23:59:00,0.09s
37928,2018-03-04T23:59:00,0.04s
37953,2018-03-05T23:59:00,0.00
37978,2018-03-06T23:59:00,0.02s
38003,2018-03-07T23:59:00,0.26s
38028,2018-03-08T23:59:00,0.01s
38053,2018-03-09T23:59:00,0.06s
38078,2018-03-10T23:59:00,0.03s
38103,2018-03-11T23:59:00,0.03s
38128,2018-03-12T23:59:00,0.06s
38153,2018-03-13T23:59:00,0.00
38178,2018-03-14T23:59:00,0.06s
38203,2018-03-15T23:59:00,0.16s
38228,2018-03-16T23:59:00,0.00
38253,2018-03-17T23:59:00,0.01s
38278,2018-03-18T23:59:00,0.00
38303,2018-03-19T23:59:00,0.01s
38328,2018-03-20T23:59:00,0.11s
38353,2018-03-21T23:59:00,0.00
38378,2018-03-22T23:59:00,0.39s
38403,2018-03-23T23:59:00,0.08s
38428,2018-03-24T23:59:00,0.15s
38452,2018-03-25T23:59:00,0.04s
38477,2018-03-26T23:59:00,0.00
38501,2018-03-27T23:59:00,0.01s
38526,2018-03-28T23:59:00,0.04s
38551,2018-03-29T23:59:00,0.00
38575,2018-03-30T23:59:00,0.01s
38600,2018-03-31T23:59:00,0.00
38625,2018-04-01T23:59:00,0.02s
38650,2018-04-02T23:59:00,0.92s
38675,2018-04-03T23:59:00,0.00
38700,2018-04-04T23:59:00,0.18s
38725,2018-04-05T23:59:00,0.34s
38750,2018-04-06T23:59:00,0.10s
38774,2018-04-07T23:59:00,0.40s
38799,2018-04-08T23:59:00,0.15s
38824,2018-04-09T23:59:00,0.00
38849,2018-04-10T23:59:00,0.00
38874,2018-04-11T23:59:00,0.23s
38899,2018-04-12T23:59:00,0.75s
38924,2018-04-13T23:59:00,0.00
38947,2018-04-14T23:59:00,0.08s
38972,2018-04-15T23:59:00,0.00
38997,2018-04-16T23:59:00,0.01s
39022,2018-04-17T23:59:00,0.04s
39047,2018-04-18T23:59:00,0.01s
39070,2018-04-19T23:59:00,0.00
39095,2018-04-20T23:59:00,0.00
39120,2018-04-21T23:59:00,0.00
39145,2018-04-22T23:59:00,0.00
39170,2018-04-23T23:59:00,0.42s
39195,2018-04-24T23:59:00,0.00
39220,2018-04-25T23:59:00,0.01s
39245,2018-04-26T23:59:00,0.00
39270,2018-04-27T23:59:00,0.00
39295,2018-04-28T23:59:00,0.01s
39320,2018-04-29T23:59:00,0.01s
39345,2018-04-30T23:59:00,0.27s
39371,2018-05-01T23:59:00,0.43s
39396,2018-05-02T23:59:00,0.00
39421,2018-05-03T23:59:00,0.00
39446,2018-05-04T23:59:00,0.00
39471,2018-05-05T23:59:00,0.11s
39496,2018-05-06T23:59:00,0.00
39521,2018-05-07T23:59:00,0.01s
39546,2018-05-08T23:59:00,0.00
39571,2018-05-09T23:59:00,0.00
39596,2018-05-10T23:59:00,0.00
39621,2018-05-11T23:59:00,0.03s
39646,2018-05-12T23:59:00,0.01s
39671,2018-05-13T23:59:00,0.00
39696,2018-05-14T23:59:00,0.00
39721,2018-05-15T23:59:00,0.00
39746,2018-05-16T23:59:00,0.00
39771,2018-05-17T23:59:00,0.00
39796,2018-05-18T23:59:00,0.00
39821,2018-05-19T23:59:00,0.00
39846,2018-05-20T23:59:00,0.07s
39871,2018-05-21T23:59:00,0.00
39896,2018-05-22T23:59:00,0.00
39921,2018-05-23T23:59:00,1.15s
39946,2018-05-24T23:59:00,0.00
39971,2018-05-25T23:59:00,0.00
39996,2018-05-26T23:59:00,0.03s
40021,2018-05-27T23:59:00,0.15s
40046,2018-05-28T23:59:00,0.19s
40070,2018-05-29T23:59:00,0.07s
40093,2018-05-30T23:59:00,0.13s
40118,2018-05-31T23:59:00,0.10s
40143,2018-06-01T23:59:00,0.17s
40168,2018-06-02T23:59:00,0.00
40193,2018-06-03T23:59:00,0.00
40218,2018-06-04T23:59:00,0.00
40242,2018-06-05T23:59:00,0.00
40267,2018-06-06T23:59:00,0.00
40289,2018-06-07T23:59:00,0.00
40312,2018-06-08T23:59:00,0.00
40337,2018-06-09T23:59:00,0.00
40362,2018-06-10T23:59:00,0.00
40387,2018-06-11T23:59:00,0.00
40412,2018-06-12T23:59:00,0.00
40437,2018-06-13T23:59:00,0.00
40459,2018-06-14T23:59:00,0.00
40484,2018-06-15T23:59:00,0.78s
40509,2018-06-16T23:59:00,0.66s
40534,2018-06-17T23:59:00,0.79s
40559,2018-06-18T23:59:00,0.57s
40584,2018-06-19T23:59:00,0.15s
40609,2018-06-20T23:59:00,0.04s
40633,2018-06-21T23:59:00,0.00
40655,2018-06-22T23:59:00,0.03s
40680,2018-06-23T23:59:00,0.48s
40705,2018-06-24T23:59:00,0.00
40729,2018-06-25T23:59:00,0.00
40753,2018-06-26T23:59:00,0.00
40778,2018-06-27T23:59:00,0.00
40803,2018-06-28T23:59:00,0.00
40827,2018-06-29T23:59:00,0.18s
40852,2018-06-30T23:59:00,0.17s
40875,2018-07-01T23:59:00,0.00
40900,2018-07-02T23:59:00,0.00
40925,2018-07-03T23:59:00,0.00
40950,2018-07-04T23:59:00,0.00
40975,2018-07-05T23:59:00,0.00
41000,2018-07-06T23:59:00,0.00
41025,2018-07-07T23:59:00,0.00
41050,2018-07-08T23:59:00,0.00
41075,2018-07-09T23:59:00,0.00
41100,2018-07-10T23:59:00,0.00
41125,2018-07-11T23:59:00,0.00
41149,2018-07-12T23:59:00,0.00
41171,2018-07-13T23:59:00,0.00
41196,2018-07-14T23:59:00,0.00
41221,2018-07-15T23:59:00,0.00
41245,2018-07-16T23:59:00,0.00
41269,2018-07-17T23:59:00,0.41s
41294,2018-07-18T23:59:00,0.37s
41318,2018-07-19T23:59:00,0.00
41343,2018-07-20T23:59:00,0.00
41368,2018-07-21T23:59:00,0.00
41393,2018-07-22T23:59:00,0.00
41418,2018-07-23T23:59:00,0.00
41443,2018-07-24T23:59:00,0.06s
41468,2018-07-25T23:59:00,0.02s
41493,2018-07-26T23:59:00,0.00
41518,2018-07-27T23:59:00,0.00
41543,2018-07-28T23:59:00,0.02s
41568,2018-07-29T23:59:00,0.00
41593,2018-07-30T23:59:00,0.00
41618,2018-07-31T23:59:00,0.00
41644,2018-08-01T23:59:00,0.00
41669,2018-08-02T23:59:00,0.02s
41694,2018-08-03T23:59:00,0.00
41719,2018-08-04T23:59:00,0.00
41744,2018-08-05T23:59:00,0.07s
41769,2018-08-06T23:59:00,0.00
41794,2018-08-07T23:59:00,0.00
41819,2018-08-08T23:59:00,0.00
41844,2018-08-09T23:59:00,0.00
41869,2018-08-10T23:59:00,0.00
41894,2018-08-11T23:59:00,0.00
41919,2018-08-12T23:59:00,0.00
41944,2018-08-13T23:59:00,0.00
41969,2018-08-14T23:59:00,0.00
41994,2018-08-15T23:59:00,0.00
42019,2018-08-16T23:59:00,0.00
42044,2018-08-17T23:59:00,0.00
42069,2018-08-18T23:59:00,0.02s
42094,2018-08-19T23:59:00,0.00
42119,2018-08-20T23:59:00,0.00
42144,2018-08-21T23:59:00,0.00
42169,2018-08-22T23:59:00,0.10s
42194,2018-08-23T23:59:00,0.09s
42219,2018-08-24T23:59:00,0.00
42244,2018-08-25T23:59:00,0.00
42269,2018-08-26T23:59:00,0.11s
42294,2018-08-27T23:59:00,1.03s
42319,2018-08-28T23:59:00,0.00
42344,2018-08-29T23:59:00,0.00
42369,2018-08-30T23:59:00,0.00
42394,2018-08-31T23:59:00,0.00
42420,2018-09-01T23:59:00,0.00
42445,2018-09-02T23:59:00,0.00
42470,2018-09-03T23:59:00,0.00
42495,2018-09-04T23:59:00,0.00
42520,2018-09-05T23:59:00,0.00
42545,2018-09-06T23:59:00,0.00
42570,2018-09-07T23:59:00,0.01s
42595,2018-09-08T23:59:00,0.07s
42620,2018-09-09T23:59:00,0.00
42645,2018-09-10T23:59:00,0.00
42670,2018-09-11T23:59:00,0.00
42695,2018-09-12T23:59:00,0.00
42720,2018-09-13T23:59:00,0.00
42745,2018-09-14T23:59:00,0.00
42770,2018-09-15T23:59:00,0.00
42795,2018-09-16T23:59:00,0.00
42820,2018-09-17T23:59:00,0.00
42845,2018-09-18T23:59:00,0.00
42870,2018-09-19T23:59:00,0.00
42895,2018-09-20T23:59:00,0.09s
42920,2018-09-21T23:59:00,0.00
42945,2018-09-22T23:59:00,0.00
42970,2018-09-23T23:59:00,0.00
42995,2018-09-24T23:59:00,0.01s
43020,2018-09-25T23:59:00,0.00
43045,2018-09-26T23:59:00,0.00
43070,2018-09-27T23:59:00,0.00
43095,2018-09-28T23:59:00,0.00
43120,2018-09-29T23:59:00,0.00
43145,2018-09-30T23:59:00,0.03s
43171,2018-10-01T23:59:00,0.00
43196,2018-10-02T23:59:00,0.00
43221,2018-10-03T23:59:00,0.00
43246,2018-10-04T23:59:00,0.66s
43271,2018-10-05T23:59:00,0.08s
43296,2018-10-06T23:59:00,0.03s
43321,2018-10-07T23:59:00,0.00
43346,2018-10-08T23:59:00,0.00
43371,2018-10-09T23:59:00,0.01s
43396,2018-10-10T23:59:00,0.12s
43421,2018-10-11T23:59:00,0.09s
43446,2018-10-12T23:59:00,0.00
43471,2018-10-13T23:59:00,0.25s
43496,2018-10-14T23:59:00,0.00
43521,2018-10-15T23:59:00,0.00
43546,2018-10-16T23:59:00,0.00
43571,2018-10-17T23:59:00,0.00
43596,2018-10-18T23:59:00,0.00
43621,2018-10-19T23:59:00,0.00
43646,2018-10-20T23:59:00,0.00
43671,2018-10-21T23:59:00,0.00
43696,2018-10-22T23:59:00,0.00
43721,2018-10-23T23:59:00,0.04s
43746,2018-10-24T23:59:00,0.02s
43771,2018-10-25T23:59:00,0.01s
43796,2018-10-26T23:59:00,0.00
43821,2018-10-27T23:59:00,0.10s
43846,2018-10-28T23:59:00,0.02s
43870,2018-10-29T23:59:00,0.12s
43895,2018-10-30T23:59:00,0.00
43920,2018-10-31T23:59:00,0.13s
43946,2018-11-01T23:59:00,0.12s
43971,2018-11-02T23:59:00,0.12s
43996,2018-11-03T23:59:00,0.09s
44021,2018-11-04T23:59:00,0.25s
44046,2018-11-05T23:59:00,0.11s
44071,2018-11-06T23:59:00,0.13s
44096,2018-11-07T23:59:00,0.17s
44121,2018-11-08T23:59:00,0.02s
44146,2018-11-09T23:59:00,0.02s
44171,2018-11-10T23:59:00,0.01s
44196,2018-11-11T23:59:00,0.01s
44221,2018-11-12T23:59:00,0.00
44246,2018-11-13T23:59:00,0.00
44271,2018-11-14T23:59:00,0.00
44296,2018-11-15T23:59:00,0.00
44321,2018-11-16T23:59:00,0.10s
44346,2018-11-17T23:59:00,0.00
44371,2018-11-18T23:59:00,0.00
44396,2018-11-19T23:59:00,0.00
44421,2018-11-20T23:59:00,0.00
44446,2018-11-21T23:59:00,0.00
44471,2018-11-22T23:59:00,0.07s
44496,2018-11-23T23:59:00,0.47s
44521,2018-11-24T23:59:00,0.37s
44546,2018-11-25T23:59:00,0.00
44571,2018-11-26T23:59:00,0.00
44596,2018-11-27T23:59:00,0.09s
44621,2018-11-28T23:59:00,0.19s
44646,2018-11-29T23:59:00,0.05s
44671,2018-11-30T23:59:00,0.19s
45434,2019-01-01T23:59:00,0.00
45459,2019-01-02T23:59:00,0.00
45484,2019-01-03T23:59:00,0.00
45509,2019-01-04T23:59:00,0.00
45534,2019-01-05T23:59:00,0.01s
45559,2019-01-06T23:59:00,0.20s
45584,2019-01-07T23:59:00,0.50s
45609,2019-01-08T23:59:00,0.00
45634,2019-01-09T23:59:00,0.00
45659,2019-01-10T23:59:00,0.10s
45684,2019-01-11T23:59:00,0.00
45709,2019-01-12T23:59:00,0.00
45734,2019-01-13T23:59:00,0.00
45759,2019-01-14T23:59:00,0.00
45784,2019-01-15T23:59:00,0.00
45809,2019-01-16T23:59:00,0.04s
45834,2019-01-17T23:59:00,0.20s
45859,2019-01-18T23:59:00,0.02s
45884,2019-01-19T23:59:00,0.19s
45909,2019-01-20T23:59:00,0.14s
45934,2019-01-21T23:59:00,0.34s
45959,2019-01-22T23:59:00,0.00
45984,2019-01-23T23:59:00,0.22s
46009,2019-01-24T23:59:00,0.08s
46034,2019-01-25T23:59:00,0.10s
46059,2019-01-26T23:59:00,0.07s
46084,2019-01-27T23:59:00,0.05s
46109,2019-01-28T23:59:00,0.01s
46134,2019-01-29T23:59:00,0.00
46159,2019-01-30T23:59:00,0.00
46184,2019-01-31T23:59:00,0.00
46210,2019-02-01T23:59:00,0.00
46235,2019-02-02T23:59:00,0.08s
46260,2019-02-03T23:59:00,0.62s
46285,2019-02-04T23:59:00,0.45s
46310,2019-02-05T23:59:00,0.14s
46335,2019-02-06T23:59:00,0.00
46360,2019-02-07T23:59:00,0.00
46385,2019-02-08T23:59:00,0.01s
46410,2019-02-09T23:59:00,0.04s
46435,2019-02-10T23:59:00,0.19s
46460,2019-02-11T23:59:00,0.00
46485,2019-02-12T23:59:00,0.00
46510,2019-02-13T23:59:00,0.14s
46535,2019-02-14T23:59:00,0.01s
46560,2019-02-15T23:59:00,0.01s
46585,2019-02-16T23:59:00,0.00
46610,2019-02-17T23:59:00,0.00
46635,2019-02-18T23:59:00,0.00
46660,2019-02-19T23:59:00,0.00
46685,2019-02-20T23:59:00,0.00
46710,2019-02-21T23:59:00,0.00
46735,2019-02-22T23:59:00,0.00
46760,2019-02-23T23:59:00,0.00
46785,2019-02-24T23:59:00,0.04s
46810,2019-02-25T23:59:00,0.17s
46860,2019-02-27T23:59:00,0.20s
46885,2019-02-28T23:59:00,0.23s
46911,2019-03-01T23:59:00,0.03s
46936,2019-03-02T23:59:00,0.00
46961,2019-03-03T23:59:00,0.01s
46986,2019-03-04T23:59:00,0.00
47011,2019-03-05T23:59:00,0.00
47036,2019-03-06T23:59:00,0.09s
47061,2019-03-07T23:59:00,0.25s
47086,2019-03-08T23:59:00,0.05s
47111,2019-03-09T23:59:00,0.03s
47136,2019-03-10T23:59:00,0.00
47161,2019-03-11T23:59:00,0.00
47186,2019-03-12T23:59:00,0.00
47211,2019-03-13T23:59:00,0.00
47236,2019-03-14T23:59:00,0.00
47261,2019-03-15T23:59:00,0.00
47286,2019-03-16T23:59:00,0.00
47311,2019-03-17T23:59:00,0.04s
47336,2019-03-18T23:59:00,0.35s
47361,2019-03-19T23:59:00,0.00
47386,2019-03-20T23:59:00,0.00
47411,2019-03-21T23:59:00,0.00
47436,2019-03-22T23:59:00,0.00
47461,2019-03-23T23:59:00,0.01s
47486,2019-03-24T23:59:00,0.18s
47511,2019-03-25T23:59:00,0.03s
47536,2019-03-26T23:59:00,0.00
47561,2019-03-27T23:59:00,0.00
47586,2019-03-28T23:59:00,0.01s
47611,2019-03-29T23:59:00,0.00
47636,2019-03-30T23:59:00,0.00
47661,2019-03-31T23:59:00,0.05s
47687,2019-04-01T23:59:00,0.06s
47712,2019-04-02T23:59:00,0.13s
47737,2019-04-03T23:59:00,0.13s
47762,2019-04-04T23:59:00,0.10s
47787,2019-04-05T23:59:00,0.12s
47812,2019-04-06T23:59:00,0.03s
47837,2019-04-07T23:59:00,0.03s
47862,2019-04-08T23:59:00,0.27s
47887,2019-04-09T23:59:00,0.61s
47912,2019-04-10T23:59:00,0.09s
47937,2019-04-11T23:59:00,0.03s
47962,2019-04-12T23:59:00,0.12s
47987,2019-04-13T23:59:00,0.03s
48012,2019-04-14T23:59:00,0.41s
48037,2019-04-15T23:59:00,0.03s
48062,2019-04-16T23:59:00,0.14s
48112,2019-04-18T23:59:00,0.00
48137,2019-04-19T23:59:00,0.00
48162,2019-04-20T23:59:00,0.06s
48187,2019-04-21T23:59:00,0.07s
48212,2019-04-22T23:59:00,0.00
48237,2019-04-23T23:59:00,0.00
48262,2019-04-24T23:59:00,0.09s
48287,2019-04-25T23:59:00,0.00
48312,2019-04-26T23:59:00,0.40s
48337,2019-04-27T23:59:00,0.00
48362,2019-04-28T23:59:00,0.07s
48387,2019-04-29T23:59:00,0.18s
48412,2019-04-30T23:59:00,0.31s
48438,2019-05-01T23:59:00,0.00
48463,2019-05-02T23:59:00,0.09s
48488,2019-05-03T23:59:00,0.00
48513,2019-05-04T23:59:00,0.00
48538,2019-05-05T23:59:00,0.01s
48563,2019-05-06T23:59:00,0.03s
48588,2019-05-07T23:59:00,0.28s
48613,2019-05-08T23:59:00,0.00
48638,2019-05-09T23:59:00,0.00
48663,2019-05-10T23:59:00,0.00
48688,2019-05-11T23:59:00,0.00
48713,2019-05-12T23:59:00,0.00
48738,2019-05-13T23:59:00,0.00
48763,2019-05-14T23:59:00,0.01s
49213,2019-06-01T23:59:00,0.00
49238,2019-06-02T23:59:00,0.00
49263,2019-06-03T23:59:00,0.06s
49288,2019-06-04T23:59:00,0.00
49313,2019-06-05T23:59:00,0.00
49338,2019-06-06T23:59:00,0.37s
49363,2019-06-07T23:59:00,0.74s
49388,2019-06-08T23:59:00,0.24s
49413,2019-06-09T23:59:00,0.00
49438,2019-06-10T23:59:00,0.00
49463,2019-06-11T23:59:00,0.00
49488,2019-06-12T23:59:00,0.01s
49513,2019-06-13T23:59:00,0.21s
49538,2019-06-14T23:59:00,0.13s
49563,2019-06-15T23:59:00,0.02s
49588,2019-06-16T23:59:00,0.04s
49613,2019-06-17T23:59:00,0.03s
49638,2019-06-18T23:59:00,0.08s
49663,2019-06-19T23:59:00,0.00
49688,2019-06-20T23:59:00,0.06s
49713,2019-06-21T23:59:00,0.05s
49738,2019-06-22T23:59:00,0.03s
49763,2019-06-23T23:59:00,0.00
49788,2019-06-24T23:59:00,0.01s
49813,2019-06-25T23:59:00,0.00
49838,2019-06-26T23:59:00,0.12s
49863,2019-06-27T23:59:00,0.00
49888,2019-06-28T23:59:00,0.00
49913,2019-06-29T23:59:00,0.00
49938,2019-06-30T23:59:00,0.00
49964,2019-07-01T23:59:00,0.03s
49989,2019-07-02T23:59:00,0.00
50014,2019-07-03T23:59:00,0.00
50039,2019-07-04T23:59:00,0.13s
50064,2019-07-05T23:59:00,0.01s
50089,2019-07-06T23:59:00,0.00
50114,2019-07-07T23:59:00,0.00
50139,2019-07-08T23:59:00,0.22s
50164,2019-07-09T23:59:00,0.08s
50189,2019-07-10T23:59:00,0.00
50214,2019-07-11T23:59:00,0.00
50239,2019-07-12T23:59:00,0.05s
50264,2019-07-13T23:59:00,0.00
50289,2019-07-14T23:59:00,0.00
50314,2019-07-15T23:59:00,0.00
50339,2019-07-16T23:59:00,0.02s
50364,2019-07-17T23:59:00,0.00
50389,2019-07-18T23:59:00,0.00
50414,2019-07-19T23:59:00,0.00
50439,2019-07-20T23:59:00,0.00
50463,2019-07-21T23:59:00,0.00
50488,2019-07-22T23:59:00,0.00
50513,2019-07-23T23:59:00,0.05s
50538,2019-07-24T23:59:00,0.00
50563,2019-07-25T23:59:00,0.00
50588,2019-07-26T23:59:00,0.00
50613,2019-07-27T23:59:00,0.01s
50637,2019-07-28T23:59:00,0.00
50662,2019-07-29T23:59:00,0.00
50687,2019-07-30T23:59:00,0.02s
50712,2019-07-31T23:59:00,0.00
50737,2019-08-01T23:59:00,0.07s
50762,2019-08-02T23:59:00,0.02s
50787,2019-08-03T23:59:00,0.01s
50812,2019-08-04T23:59:00,0.16s
50837,2019-08-05T23:59:00,0.00
50862,2019-08-06T23:59:00,0.00
50887,2019-08-07T23:59:00,0.00
50912,2019-08-08T23:59:00,0.82s
50937,2019-08-09T23:59:00,0.00
50962,2019-08-10T23:59:00,0.00
50984,2019-08-11T23:59:00,0.00
51009,2019-08-12T23:59:00,0.00
51034,2019-08-13T23:59:00,0.00
51059,2019-08-14T23:59:00,0.00
51084,2019-08-15T23:59:00,0.17s
51109,2019-08-16T23:59:00,0.00
51134,2019-08-17T23:59:00,0.00
51159,2019-08-18T23:59:00,0.00
51184,2019-08-19T23:59:00,0.00
51209,2019-08-20T23:59:00,0.00
51234,2019-08-21T23:59:00,0.00
51259,2019-08-22T23:59:00,0.00
51284,2019-08-23T23:59:00,0.00
51309,2019-08-24T23:59:00,0.00
51334,2019-08-25T23:59:00,0.00
51359,2019-08-26T23:59:00,0.00
51384,2019-08-27T23:59:00,0.00
51409,2019-08-28T23:59:00,0.00
51434,2019-08-29T23:59:00,0.10s
51459,2019-08-30T23:59:00,0.01s
51484,2019-08-31T23:59:00,0.00
51510,2019-09-01T23:59:00,0.00
51535,2019-09-02T23:59:00,0.00
51560,2019-09-03T23:59:00,0.00
51585,2019-09-04T23:59:00,0.00
51610,2019-09-05T23:59:00,0.00
51635,2019-09-06T23:59:00,0.20s
51660,2019-09-07T23:59:00,0.00
51685,2019-09-08T23:59:00,0.16s
51710,2019-09-09T23:59:00,0.23s
51735,2019-09-10T23:59:00,0.12s
51760,2019-09-11T23:59:00,0.37s
51785,2019-09-12T23:59:00,0.01s
51810,2019-09-13T23:59:00,0.00
51835,2019-09-14T23:59:00,0.00
51860,2019-09-15T23:59:00,0.00
51885,2019-09-16T23:59:00,0.06s
51910,2019-09-17T23:59:00,0.15s
51935,2019-09-18T23:59:00,0.00
51960,2019-09-19T23:59:00,0.01s
51985,2019-09-20T23:59:00,0.60s
52010,2019-09-21T23:59:00,0.10s
52035,2019-09-22T23:59:00,0.00
52060,2019-09-23T23:59:00,0.00
52085,2019-09-24T23:59:00,0.00
52110,2019-09-25T23:59:00,0.00
52135,2019-09-26T23:59:00,0.19s
52160,2019-09-27T23:59:00,0.01s
52185,2019-09-28T23:59:00,0.70s
52210,2019-09-29T23:59:00,0.13s
52235,2019-09-30T23:59:00,0.02s
52261,2019-10-01T23:59:00,0.01s
52286,2019-10-02T23:59:00,0.06s
52311,2019-10-03T23:59:00,0.00
52336,2019-10-04T23:59:00,0.20s
52361,2019-10-05T23:59:00,0.03s
52386,2019-10-06T23:59:00,0.00
52411,2019-10-07T23:59:00,0.00
52436,2019-10-08T23:59:00,0.00
52461,2019-10-09T23:59:00,0.22s
52486,2019-10-10T23:59:00,0.00
52511,2019-10-11T23:59:00,0.00
52536,2019-10-12T23:59:00,0.00
52561,2019-10-13T23:59:00,0.00
52586,2019-10-14T23:59:00,0.00
52611,2019-10-15T23:59:00,0.00
52636,2019-10-16T23:59:00,0.00
52661,2019-10-17T23:59:00,0.00
52685,2019-10-18T23:59:00,0.26s
52710,2019-10-19T23:59:00,0.70s
52735,2019-10-20T23:59:00,0.07s
52760,2019-10-21T23:59:00,0.05s
52785,2019-10-22T23:59:00,0.10s
52810,2019-10-23T23:59:00,0.03s
52835,2019-10-24T23:59:00,0.00
52859,2019-10-25T23:59:00,0.00
52883,2019-10-26T23:59:00,0.18s
52908,2019-10-27T23:59:00,0.00
52931,2019-10-28T23:59:00,0.14s
52950,2019-10-29T23:59:00,0.03s
52975,2019-10-30T23:59:00,0.00
53000,2019-10-31T23:59:00,0.04s
53026,2019-11-01T23:59:00,0.00
53051,2019-11-02T23:59:00,0.00
53076,2019-11-03T23:59:00,0.00
53101,2019-11-04T23:59:00,0.01s
53126,2019-11-05T23:59:00,0.00
53151,2019-11-06T23:59:00,0.00
53176,2019-11-07T23:59:00,0.00
53201,2019-11-08T23:59:00,0.00
53226,2019-11-09T23:59:00,0.00
53251,2019-11-10T23:59:00,0.17s
53276,2019-11-11T23:59:00,0.00
53301,2019-11-12T23:59:00,0.00
53326,2019-11-13T23:59:00,0.00
53351,2019-11-14T23:59:00,0.01s
53376,2019-11-15T23:59:00,0.00
53401,2019-11-16T23:59:00,0.07s
53426,2019-11-17T23:59:00,0.04s
53451,2019-11-18T23:59:00,0.00
53476,2019-11-19T23:59:00,0.04s
53501,2019-11-20T23:59:00,0.00
53525,2019-11-21T23:59:00,0.00
53550,2019-11-22T23:59:00,0.00
53575,2019-11-23T23:59:00,0.00
53600,2019-11-24T23:59:00,0.02s
53625,2019-11-25T23:59:00,0.02s
53650,2019-11-26T23:59:00,0.08s
53675,2019-11-27T23:59:00,0.00
53700,2019-11-28T23:59:00,0.31s
53725,2019-11-29T23:59:00,0.41s
53750,2019-11-30T23:59:00,0.14s
53776,2019-12-01T23:59:00,0.00
53801,2019-12-02T23:59:00,0.09s
53826,2019-12-03T23:59:00,0.00
53851,2019-12-04T23:59:00,0.00
53876,2019-12-05T23:59:00,0.00
53901,2019-12-06T23:59:00,0.00
53926,2019-12-07T23:59:00,0.02s
53951,2019-12-08T23:59:00,0.55s
53976,2019-12-09T23:59:00,0.00
54001,2019-12-10T23:59:00,0.00
54026,2019-12-11T23:59:00,0.03s
54051,2019-12-12T23:59:00,0.24s
54076,2019-12-13T23:59:00,0.07s
54101,2019-12-14T23:59:00,0.03s
54126,2019-12-15T23:59:00,0.00
54151,2019-12-16T23:59:00,0.00
54176,2019-12-17T23:59:00,0.00
54201,2019-12-18T23:59:00,0.00
54226,2019-12-19T23:59:00,0.01s
54251,2019-12-20T23:59:00,0.00
54276,2019-12-21T23:59:00,0.00
54301,2019-12-22T23:59:00,0.00
54326,2019-12-23T23:59:00,0.00
54351,2019-12-24T23:59:00,0.17s
54376,2019-12-25T23:59:00,0.00
54401,2019-12-26T23:59:00,0.00
54426,2019-12-27T23:59:00,0.00
54451,2019-12-28T23:59:00,0.00
54476,2019-12-29T23:59:00,0.00
54501,2019-12-30T23:59:00,0.00
54526,2019-12-31T23:59:00,0.14s
54552,2020-01-01T23:59:00,0.35s
54577,2020-01-02T23:59:00,0.00
54602,2020-01-03T23:59:00,0.03s
54627,2020-01-04T23:59:00,0.06s
54652,2020-01-05T23:59:00,0.05s
54677,2020-01-06T23:59:00,0.09s
54702,2020-01-07T23:59:00,0.05s
54727,2020-01-08T23:59:00,0.04s
54752,2020-01-09T23:59:00,0.06s
54777,2020-01-10T23:59:00,0.05s
54802,2020-01-11T23:59:00,0.17s
54827,2020-01-12T23:59:00,0.07s
54852,2020-01-13T23:59:00,0.12s
54877,2020-01-14T23:59:00,0.22s
54902,2020-01-15T23:59:00,0.01s
54927,2020-01-16T23:59:00,0.35s
54952,2020-01-17T23:59:00,0.23s
54977,2020-01-18T23:59:00,0.04s
55002,2020-01-19T23:59:00,0.01s
55027,2020-01-20T23:59:00,0.00
55052,2020-01-21T23:59:00,0.00
55077,2020-01-22T23:59:00,0.10s
55102,2020-01-23T23:59:00,0.10s
55127,2020-01-24T23:59:00,0.03s
55152,2020-01-25T23:59:00,0.05s
55177,2020-01-26T23:59:00,0.08s
55202,2020-01-27T23:59:00,0.10s
55227,2020-01-28T23:59:00,0.12s
55252,2020-01-29T23:59:00,0.07s
55277,2020-01-30T23:59:00,0.15s
55302,2020-01-31T23:59:00,0.01s
55327,2020-02-01T23:59:00,0.02s
55352,2020-02-02T23:59:00,0.51s
55377,2020-02-03T23:59:00,0.15s
55402,2020-02-04T23:59:00,0.02s
55427,2020-02-05T23:59:00,0.12s
55452,2020-02-06T23:59:00,0.39s
55477,2020-02-07T23:59:00,0.05s
55502,2020-02-08T23:59:00,0.50s
55527,2020-02-09T23:59:00,0.00
55552,2020-02-10T23:59:00,0.01s
55577,2020-02-11T23:59:00,0.00
55602,2020-02-12T23:59:00,0.02s
55627,2020-02-13T23:59:00,0.05s
55652,2020-02-14T23:59:00,0.00
55677,2020-02-15T23:59:00,0.01s
55702,2020-02-16T23:59:00,0.07s
55727,2020-02-17T23:59:00,0.00
55752,2020-02-18T23:59:00,0.00
55777,2020-02-19T23:59:00,0.01s
55802,2020-02-20T23:59:00,0.00
55827,2020-02-21T23:59:00,0.00
55852,2020-02-22T23:59:00,0.00
55877,2020-02-23T23:59:00,0.39s
55902,2020-02-24T23:59:00,0.01s
55927,2020-02-25T23:59:00,0.00
55952,2020-02-26T23:59:00,0.03s
55977,2020-02-27T23:59:00,0.00
56002,2020-02-28T23:59:00,0.41s
56027,2020-02-29T23:59:00,0.06s
56053,2020-03-01T23:59:00,0.06s
56078,2020-03-02T23:59:00,0.01s
56103,2020-03-03T23:59:00,0.07s
56128,2020-03-04T23:59:00,0.01s
56153,2020-03-05T23:59:00,0.00
56178,2020-03-06T23:59:00,0.00
56203,2020-03-07T23:59:00,0.06s
56228,2020-03-08T23:59:00,0.15s
56253,2020-03-09T23:59:00,0.14s
56278,2020-03-10T23:59:00,0.06s
56303,2020-03-11T23:59:00,0.03s
56328,2020-03-12T23:59:00,0.03s
56353,2020-03-13T23:59:00,0.00
56378,2020-03-14T23:59:00,0.56s
56403,2020-03-15T23:59:00,0.56s
56428,2020-03-16T23:59:00,0.02s
56453,2020-03-17T23:59:00,0.02s
56478,2020-03-18T23:59:00,0.36s
56503,2020-03-19T23:59:00,0.00
56528,2020-03-20T23:59:00,0.00
56553,2020-03-21T23:59:00,0.00
56578,2020-03-22T23:59:00,0.09s
56603,2020-03-23T23:59:00,0.06s
56628,2020-03-24T23:59:00,0.15s
56653,2020-03-25T23:59:00,0.08s
56678,2020-03-26T23:59:00,0.01s
56703,2020-03-27T23:59:00,0.01s
56728,2020-03-28T23:59:00,0.01s
56753,2020-03-29T23:59:00,0.10s
56778,2020-03-30T23:59:00,0.12s
56803,2020-03-31T23:59:00,0.84s
56829,2020-04-01T23:59:00,0.29s
56854,2020-04-02T23:59:00,0.04s
56879,2020-04-03T23:59:00,0.08s
56904,2020-04-04T23:59:00,0.01s
56929,2020-04-05T23:59:00,0.10s
56954,2020-04-06T23:59:00,0.41s
56979,2020-04-07T23:59:00,0.02s
57004,2020-04-08T23:59:00,0.00
57029,2020-04-09T23:59:00,0.00
57054,2020-04-10T23:59:00,0.00
57079,2020-04-11T23:59:00,0.24s
57104,2020-04-12T23:59:00,0.00
57129,2020-04-13T23:59:00,0.01s
57154,2020-04-14T23:59:00,0.01s
57179,2020-04-15T23:59:00,0.13s
57204,2020-04-16T23:59:00,0.00
57229,2020-04-17T23:59:00,0.00
57254,2020-04-18T23:59:00,0.00
57279,2020-04-19T23:59:00,0.00
57304,2020-04-20T23:59:00,0.00
57329,2020-04-21T23:59:00,0.00
57354,2020-04-22T23:59:00,0.00
57379,2020-04-23T23:59:00,0.18s
57404,2020-04-24T23:59:00,0.00
57429,2020-04-25T23:59:00,0.00
57454,2020-04-26T23:59:00,0.07s
57479,2020-04-27T23:59:00,0.23s
57504,2020-04-28T23:59:00,0.00
57529,2020-04-29T23:59:00,0.00
57554,2020-04-30T23:59:00,0.30s
57580,2020-05-01T23:59:00,0.00
57605,2020-05-02T23:59:00,0.00
57630,2020-05-03T23:59:00,0.00
57655,2020-05-04T23:59:00,0.00
57680,2020-05-05T23:59:00,0.00
57703,2020-05-06T23:59:00,0.00
57728,2020-05-07T23:59:00,0.00
57753,2020-05-08T23:59:00,0.04s
57778,2020-05-09T23:59:00,0.00
57802,2020-05-10T23:59:00,0.00
57827,2020-05-11T23:59:00,0.06s
57852,2020-05-12T23:59:00,0.01s
57877,2020-05-13T23:59:00,0.17s
57902,2020-05-14T23:59:00,0.08s
57927,2020-05-15T23:59:00,0.23s
57952,2020-05-16T23:59:00,0.00
57977,2020-05-17T23:59:00,0.00
58002,2020-05-18T23:59:00,0.00
58027,2020-05-19T23:59:00,0.00
58052,2020-05-20T23:59:00,0.09s
58077,2020-05-21T23:59:00,0.12s
58102,2020-05-22T23:59:00,0.33s
58127,2020-05-23T23:59:00,0.65s
58152,2020-05-24T23:59:00,0.01s
58177,2020-05-25T23:59:00,0.00
58202,2020-05-26T23:59:00,0.16s
58227,2020-05-27T23:59:00,0.23s
58252,2020-05-28T23:59:00,0.00
58277,2020-05-29T23:59:00,0.11s
58302,2020-05-30T23:59:00,0.00
58327,2020-05-31T23:59:00,0.00
58353,2020-06-01T23:59:00,0.00
58378,2020-06-02T23:59:00,0.00
58403,2020-06-03T23:59:00,0.06s
58428,2020-06-04T23:59:00,0.02s
58453,2020-06-05T23:59:00,0.00
58478,2020-06-06T23:59:00,0.26s
58503,2020-06-07T23:59:00,0.15s
58528,2020-06-08T23:59:00,0.05s
58553,2020-06-09T23:59:00,0.01s
58578,2020-06-10T23:59:00,0.00
58603,2020-06-11T23:59:00,0.00
58628,2020-06-12T23:59:00,0.00
58653,2020-06-13T23:59:00,0.00
58678,2020-06-14T23:59:00,0.00
58703,2020-06-15T23:59:00,0.00
58728,2020-06-16T23:59:00,0.17s
58753,2020-06-17T23:59:00,0.20s
58778,2020-06-18T23:59:00,0.00
58803,2020-06-19T23:59:00,0.09s
58828,2020-06-20T23:59:00,0.01s
58853,2020-06-21T23:59:00,0.06s
58878,2020-06-22T23:59:00,0.00
58903,2020-06-23T23:59:00,0.00
58928,2020-06-24T23:59:00,0.04s
58953,2020-06-25T23:59:00,0.07s
58978,2020-06-26T23:59:00,0.00
59003,2020-06-27T23:59:00,0.00
59028,2020-06-28T23:59:00,0.48s
59053,2020-06-29T23:59:00,0.18s
59077,2020-06-30T23:59:00,0.21s
59103,2020-07-01T23:59:00,0.11s
59128,2020-07-02T23:59:00,0.00
59153,2020-07-03T23:59:00,0.01s
59178,2020-07-04T23:59:00,0.01s
59203,2020-07-05T23:59:00,0.00
59228,2020-07-06T23:59:00,0.00
59253,2020-07-07T23:59:00,0.00
59278,2020-07-08T23:59:00,0.00
59303,2020-07-09T23:59:00,0.00
59328,2020-07-10T23:59:00,0.00
59353,2020-07-11T23:59:00,0.00
59378,2020-07-12T23:59:00,0.00
59403,2020-07-13T23:59:00,0.04s
59428,2020-07-14T23:59:00,0.00
59453,2020-07-15T23:59:00,0.00
59478,2020-07-16T23:59:00,0.00
59503,2020-07-17T23:59:00,0.00
59528,2020-07-18T23:59:00,0.00
59553,2020-07-19T23:59:00,0.00
59578,2020-07-20T23:59:00,0.00
59603,2020-07-21T23:59:00,0.00
59628,2020-07-22T23:59:00,0.06s
59653,2020-07-23T23:59:00,0.11s
59678,2020-07-24T23:59:00,0.00
59703,2020-07-25T23:59:00,0.00
59753,2020-07-27T23:59:00,0.00
59778,2020-07-28T23:59:00,0.07s
59803,2020-07-29T23:59:00,0.06s
59828,2020-07-30T23:59:00,0.00
59853,2020-07-31T23:59:00,0.00
59879,2020-08-01T23:59:00,0.05s
59904,2020-08-02T23:59:00,0.00
59929,2020-08-03T23:59:00,0.02s
59954,2020-08-04T23:59:00,0.00
59979,2020-08-05T23:59:00,0.00
60004,2020-08-06T23:59:00,0.00
60029,2020-08-07T23:59:00,0.00
60054,2020-08-08T23:59:00,0.00
60079,2020-08-09T23:59:00,0.00
60104,2020-08-10T23:59:00,0.00
60129,2020-08-11T23:59:00,0.00
60154,2020-08-12T23:59:00,0.00
60179,2020-08-13T23:59:00,0.00
60204,2020-08-14T23:59:00,0.00
60229,2020-08-15T23:59:00,0.00
60254,2020-08-16T23:59:00,0.00
60279,2020-08-17T23:59:00,0.00
60304,2020-08-18T23:59:00,0.00
60329,2020-08-19T23:59:00,0.08s
60354,2020-08-20T23:59:00,0.00
60379,2020-08-21T23:59:00,0.00
60404,2020-08-22T23:59:00,0.00
60429,2020-08-23T23:59:00,0.00
60454,2020-08-24T23:59:00,0.00
60479,2020-08-25T23:59:00,0.00
60504,2020-08-26T23:59:00,0.15s
60529,2020-08-27T23:59:00,0.20s
60554,2020-08-28T23:59:00,0.00
60579,2020-08-29T23:59:00,0.00
60604,2020-08-30T23:59:00,0.00
60629,2020-08-31T23:59:00,0.11s
60655,2020-09-01T23:59:00,0.00
60680,2020-09-02T23:59:00,0.00
60705,2020-09-03T23:59:00,0.00
60730,2020-09-04T23:59:00,0.00
60755,2020-09-05T23:59:00,0.00
60780,2020-09-06T23:59:00,0.00
60805,2020-09-07T23:59:00,0.19s
60830,2020-09-08T23:59:00,0.00
60855,2020-09-09T23:59:00,0.00
60880,2020-09-10T23:59:00,0.00
60905,2020-09-11T23:59:00,0.00
60930,2020-09-12T23:59:00,0.00
60955,2020-09-13T23:59:00,0.00
60980,2020-09-14T23:59:00,0.00
61005,2020-09-15T23:59:00,0.00
61030,2020-09-16T23:59:00,0.00
61055,2020-09-17T23:59:00,0.00
61080,2020-09-18T23:59:00,0.00
61105,2020-09-19T23:59:00,0.21s
61130,2020-09-20T23:59:00,0.00
61155,2020-09-21T23:59:00,0.00
61180,2020-09-22T23:59:00,0.00
61205,2020-09-23T23:59:00,0.00
61230,2020-09-24T23:59:00,0.00
61255,2020-09-25T23:59:00,0.00
61280,2020-09-26T23:59:00,0.20s
61305,2020-09-27T23:59:00,0.00
61330,2020-09-28T23:59:00,0.00
61355,2020-09-29T23:59:00,0.00
61380,2020-09-30T23:59:00,0.00
61406,2020-10-01T23:59:00,0.00
61431,2020-10-02T23:59:00,0.00
61456,2020-10-03T23:59:00,0.00
61481,2020-10-04T23:59:00,0.00
61506,2020-10-05T23:59:00,0.00
61528,2020-10-06T23:59:00,0.00
61550,2020-10-07T23:59:00,0.00
61570,2020-10-08T23:59:00,0.00
61594,2020-10-09T23:59:00,0.00
61618,2020-10-10T23:59:00,0.28s
61642,2020-10-11T23:59:00,0.35s
61666,2020-10-12T23:59:00,0.11s
61691,2020-10-13T23:59:00,0.14s
61716,2020-10-14T23:59:00,0.01s
61741,2020-10-15T23:59:00,0.02s
61766,2020-10-16T23:59:00,0.01s
61791,2020-10-17T23:59:00,0.03s
61816,2020-10-18T23:59:00,0.33s
61841,2020-10-19T23:59:00,0.02s
61866,2020-10-20T23:59:00,0.03s
61891,2020-10-21T23:59:00,0.33s
61916,2020-10-22T23:59:00,0.05s
61941,2020-10-23T23:59:00,0.00
61966,2020-10-24T23:59:00,0.41s
61991,2020-10-25T23:59:00,0.01s
62016,2020-10-26T23:59:00,0.00
62041,2020-10-27T23:59:00,0.00
62066,2020-10-28T23:59:00,0.01s
62091,2020-10-29T23:59:00,0.00
62116,2020-10-30T23:59:00,0.00
62141,2020-10-31T23:59:00,0.00
62167,2020-11-01T23:59:00,0.00
62192,2020-11-02T23:59:00,0.00
62217,2020-11-03T23:59:00,0.00
62242,2020-11-04T23:59:00,0.00
62267,2020-11-05T23:59:00,0.00
62291,2020-11-06T23:59:00,0.00
62315,2020-11-07T23:59:00,0.87s
62335,2020-11-08T23:59:00,0.07s
62360,2020-11-09T23:59:00,0.00
62385,2020-11-10T23:59:00,0.05s
62410,2020-11-11T23:59:00,0.02s
62434,2020-11-12T23:59:00,0.00
62459,2020-11-13T23:59:00,0.23s
62484,2020-11-14T23:59:00,0.21s
62509,2020-11-15T23:59:00,0.04s
62534,2020-11-16T23:59:00,0.00
62559,2020-11-17T23:59:00,0.00
62584,2020-11-18T23:59:00,0.24s
62609,2020-11-19T23:59:00,0.37s
62634,2020-11-20T23:59:00,0.00
62659,2020-11-21T23:59:00,0.00
62684,2020-11-22T23:59:00,0.00
62709,2020-11-23T23:59:00,0.00
62734,2020-11-24T23:59:00,0.01s
62759,2020-11-25T23:59:00,0.16s
62784,2020-11-26T23:59:00,0.02s
62809,2020-11-27T23:59:00,0.00
62834,2020-11-28T23:59:00,0.00
62859,2020-11-29T23:59:00,0.00
62884,2020-11-30T23:59:00,0.09s
62910,2020-12-01T23:59:00,0.01s
62935,2020-12-02T23:59:00,0.00
62960,2020-12-03T23:59:00,0.00
62985,2020-12-04T23:59:00,0.00
63010,2020-12-05T23:59:00,0.00
63035,2020-12-06T23:59:00,0.00
63060,2020-12-07T23:59:00,0.00
63085,2020-12-08T23:59:00,0.00
63110,2020-12-09T23:59:00,0.00
63135,2020-12-10T23:59:00,0.00
63160,2020-12-11T23:59:00,0.04s
63185,2020-12-12T23:59:00,0.00
63210,2020-12-13T23:59:00,0.09s
63235,2020-12-14T23:59:00,0.05s
63260,2020-12-15T23:59:00,0.09s
63285,2020-12-16T23:59:00,0.01s
63310,2020-12-17T23:59:00,0.17s
63335,2020-12-18T23:59:00,0.01s
63360,2020-12-19T23:59:00,0.02s
63385,2020-12-20T23:59:00,0.05s
63410,2020-12-21T23:59:00,0.10s
63435,2020-12-22T23:59:00,0.25s
63460,2020-12-23T23:59:00,0.00
63485,2020-12-24T23:59:00,0.00
63510,2020-12-25T23:59:00,0.00
63535,2020-12-26T23:59:00,0.15s
63560,2020-12-27T23:59:00,0.08s
63585,2020-12-28T23:59:00,0.00
63610,2020-12-29T23:59:00,0.00
63635,2020-12-30T23:59:00,0.06s
63660,2020-12-31T23:59:00,0.06s
63686,2021-01-01T23:59:00,0.00
63711,2021-01-02T23:59:00,0.14s
63736,2021-01-03T23:59:00,0.06s
63761,2021-01-04T23:59:00,0.09s
63786,2021-01-05T23:59:00,0.16s
63811,2021-01-06T23:59:00,0.00
63836,2021-01-07T23:59:00,0.07s
63861,2021-01-08T23:59:00,0.00
63886,2021-01-09T23:59:00,0.00
63911,2021-01-10T23:59:00,0.00
63936,2021-01-11T23:59:00,0.00
63961,2021-01-12T23:59:00,0.21s
63986,2021-01-13T23:59:00,0.15s
64011,2021-01-14T23:59:00,0.00
64036,2021-01-15T23:59:00,0.05s
64061,2021-01-16T23:59:00,0.00
64086,2021-01-17T23:59:00,0.10s
64111,2021-01-18T23:59:00,0.00
64136,2021-01-19T23:59:00,0.00
64161,2021-01-20T23:59:00,0.00
64186,2021-01-21T23:59:00,0.16s
64211,2021-01-22T23:59:00,0.09s
64236,2021-01-23T23:59:00,0.00
64261,2021-01-24T23:59:00,0.00
64286,2021-01-25T23:59:00,0.00
64311,2021-01-26T23:59:00,0.00
64336,2021-01-27T23:59:00,0.06s
64361,2021-01-28T23:59:00,0.19s
64386,2021-01-29T23:59:00,0.24s
64411,2021-01-30T23:59:00,0.08s
64436,2021-01-31T23:59:00,0.00
64462,2021-02-01T23:59:00,0.00
64487,2021-02-02T23:59:00,0.00
64512,2021-02-03T23:59:00,0.29s
64537,2021-02-04T23:59:00,0.07s
64562,2021-02-05T23:59:00,0.34s
64585,2021-02-06T23:59:00,0.22s
64610,2021-02-07T23:59:00,0.16s
64635,2021-02-08T23:59:00,0.08s
64660,2021-02-09T23:59:00,0.00
64685,2021-02-10T23:59:00,0.00
64710,2021-02-11T23:59:00,0.14s
64735,2021-02-12T23:59:00,0.54s
64760,2021-02-13T23:59:00,0.08s
64779,2021-02-14T23:59:00,0.06s
64804,2021-02-15T23:59:00,0.19s
64829,2021-02-16T23:59:00,0.07s
64854,2021-02-17T23:59:00,0.01s
64879,2021-02-18T23:59:00,0.00
64904,2021-02-19T23:59:00,0.09s
64929,2021-02-20T23:59:00,0.03s
64954,2021-02-21T23:59:00,0.02s
64979,2021-02-22T23:59:00,0.04s
65004,2021-02-23T23:59:00,0.01s
65029,2021-02-24T23:59:00,0.00
65054,2021-02-25T23:59:00,0.01s
65079,2021-02-26T23:59:00,0.00
65104,2021-02-27T23:59:00,0.00
65129,2021-02-28T23:59:00,0.00
65155,2021-03-01T23:59:00,0.00
65180,2021-03-02T23:59:00,0.00
65205,2021-03-03T23:59:00,0.00
65230,2021-03-04T23:59:00,0.00
65253,2021-03-05T23:59:00,0.00
65277,2021-03-06T23:59:00,0.00
65301,2021-03-07T23:59:00,0.00
65325,2021-03-08T23:59:00,0.04s
65350,2021-03-09T23:59:00,0.04s
65375,2021-03-10T23:59:00,0.08s
65400,2021-03-11T23:59:00,0.00
65425,2021-03-12T23:59:00,0.00
65450,2021-03-13T23:59:00,0.00
65475,2021-03-14T23:59:00,0.00
65500,2021-03-15T23:59:00,0.00
65525,2021-03-16T23:59:00,0.00
65550,2021-03-17T23:59:00,0.00
65575,2021-03-18T23:59:00,0.00
65600,2021-03-19T23:59:00,0.00
65625,2021-03-20T23:59:00,0.95s
65650,2021-03-21T23:59:00,0.02s
65675,2021-03-22T23:59:00,0.06s
65700,2021-03-23T23:59:00,0.08s
65725,2021-03-24T23:59:00,0.01s
65750,2021-03-25T23:59:00,0.19s
65775,2021-03-26T23:59:00,0.02s
65800,2021-03-27T23:59:00,0.00
65825,2021-03-28T23:59:00,0.00
65832,2021-04-01T23:59:00,0.00
65833,2021-04-02T23:59:00,0.06s
65834,2021-04-03T23:59:00,0.10s
65835,2021-04-04T23:59:00,0.01s
65836,2021-04-05T23:59:00,0.00
65837,2021-04-06T23:59:00,0.00
65838,2021-04-07T23:59:00,0.02s
65839,2021-04-08T23:59:00,0.00
65840,2021-04-09T23:59:00,0.00
65841,2021-04-10T23:59:00,0.00
65842,2021-04-11T23:59:00,0.01s
65843,2021-04-12T23:59:00,0.08s
65844,2021-04-13T23:59:00,0.08s
65876,2021-04-26T23:59:00,0.22s
65901,2021-04-27T23:59:00,0.00
65926,2021-04-28T23:59:00,0.00
65951,2021-04-29T23:59:00,0.00
65976,2021-04-30T23:59:00,0.00
66002,2021-05-01T23:59:00,0.00
66027,2021-05-02T23:59:00,0.01s
66052,2021-05-03T23:59:00,0.01s
66077,2021-05-04T23:59:00,0.29s
66102,2021-05-05T23:59:00,0.00
66127,2021-05-06T23:59:00,0.00
66152,2021-05-07T23:59:00,0.00
66177,2021-05-08T23:59:00,0.05s
66202,2021-05-09T23:59:00,0.00
66227,2021-05-10T23:59:00,0.07s
66252,2021-05-11T23:59:00,0.01s
66277,2021-05-12T23:59:00,0.00
66302,2021-05-13T23:59:00,0.00
66327,2021-05-14T23:59:00,0.05s
66352,2021-05-15T23:59:00,0.01s
66377,2021-05-16T23:59:00,0.06s
66402,2021-05-17T23:59:00,0.00
66427,2021-05-18T23:59:00,0.00
66451,2021-05-19T23:59:00,0.03s
66476,2021-05-20T23:59:00,0.13s
66501,2021-05-21T23:59:00,0.11s
66526,2021-05-22T23:59:00,0.07s
66551,2021-05-23T23:59:00,1.14s
66574,2021-05-24T23:59:00,0.34s
66599,2021-05-25T23:59:00,0.29s
66624,2021-05-26T23:59:00,0.50s
66649,2021-05-27T23:59:00,0.00
66674,2021-05-28T23:59:00,0.00
66699,2021-05-29T23:59:00,0.00
66724,2021-05-30T23:59:00,0.00
66749,2021-05-31T23:59:00,0.00
66775,2021-06-01T23:59:00,0.00
66800,2021-06-02T23:59:00,0.00
66825,2021-06-03T23:59:00,0.00
66850,2021-06-04T23:59:00,0.00
66875,2021-06-05T23:59:00,0.03s
66900,2021-06-06T23:59:00,0.00
66925,2021-06-07T23:59:00,0.00
66950,2021-06-08T23:59:00,0.00
66975,2021-06-09T23:59:00,0.00
67000,2021-06-10T23:59:00,0.00
67025,2021-06-11T23:59:00,0.00
67050,2021-06-12T23:59:00,0.00
67075,2021-06-13T23:59:00,0.00
67100,2021-06-14T23:59:00,0.00
67125,2021-06-15T23:59:00,0.00
67150,2021-06-16T23:59:00,0.00
67175,2021-06-17T23:59:00,0.00
67200,2021-06-18T23:59:00,0.00
67225,2021-06-19T23:59:00,0.00
67250,2021-06-20T23:59:00,0.00
67275,2021-06-21T23:59:00,0.00
67300,2021-06-22T23:59:00,0.00
67325,2021-06-23T23:59:00,0.00
67350,2021-06-24T23:59:00,0.11s
67375,2021-06-25T23:59:00,0.04s
67400,2021-06-26T23:59:00,0.00
67425,2021-06-27T23:59:00,0.00
67450,2021-06-28T23:59:00,0.00
67475,2021-06-29T23:59:00,0.00
67500,2021-06-30T23:59:00,0.00
67526,2021-07-01T23:59:00,0.00
67551,2021-07-02T23:59:00,0.00
67576,2021-07-03T23:59:00,0.18s
67601,2021-07-04T23:59:00,0.44s
67626,2021-07-05T23:59:00,0.10s
67651,2021-07-06T23:59:00,0.00
67676,2021-07-07T23:59:00,0.01s
67701,2021-07-08T23:59:00,0.00
67726,2021-07-09T23:59:00,0.00
67751,2021-07-10T23:59:00,0.00
67776,2021-07-11T23:59:00,0.00
67801,2021-07-12T23:59:00,0.00
67825,2021-07-13T23:59:00,0.00
67850,2021-07-14T23:59:00,0.00
67875,2021-07-15T23:59:00,0.04s
67900,2021-07-16T23:59:00,0.00
67925,2021-07-17T23:59:00,0.00
67950,2021-07-18T23:59:00,0.00
67975,2021-07-19T23:59:00,0.00
67999,2021-07-20T23:59:00,0.20s
68024,2021-07-21T23:59:00,0.00
68049,2021-07-22T23:59:00,0.04s
68074,2021-07-23T23:59:00,0.00
68099,2021-07-24T23:59:00,0.00
68124,2021-07-25T23:59:00,0.00
68149,2021-07-26T23:59:00,0.00
68174,2021-07-27T23:59:00,0.00
68199,2021-07-28T23:59:00,0.15s
68224,2021-07-29T23:59:00,0.13s
68249,2021-07-30T23:59:00,0.00
68274,2021-07-31T23:59:00,0.23s
68300,2021-08-01T23:59:00,0.00
68325,2021-08-02T23:59:00,0.45s
68350,2021-08-03T23:59:00,0.02s
68375,2021-08-04T23:59:00,0.00
68400,2021-08-05T23:59:00,0.02s
68425,2021-08-06T23:59:00,0.30s
68450,2021-08-07T23:59:00,0.00
68475,2021-08-08T23:59:00,0.00
68500,2021-08-09T23:59:00,0.00
68525,2021-08-10T23:59:00,0.00
68550,2021-08-11T23:59:00,0.00
68575,2021-08-12T23:59:00,0.00
68600,2021-08-13T23:59:00,0.00
68625,2021-08-14T23:59:00,0.00
68650,2021-08-15T23:59:00,0.00
68675,2021-08-16T23:59:00,0.00
68700,2021-08-17T23:59:00,0.16s
68725,2021-08-18T23:59:00,0.65s
68750,2021-08-19T23:59:00,0.23s
68775,2021-08-20T23:59:00,0.34s
68800,2021-08-21T23:59:00,0.20s
68825,2021-08-22T23:59:00,0.01s
68850,2021-08-23T23:59:00,0.02s
68875,2021-08-24T23:59:00,0.03s
68900,2021-08-25T23:59:00,0.00
68925,2021-08-26T23:59:00,0.00
68950,2021-08-27T23:59:00,0.00
68975,2021-08-28T23:59:00,0.00
69000,2021-08-29T23:59:00,0.00
69025,2021-08-30T23:59:00,0.00
69050,2021-08-31T23:59:00,0.00
69076,2021-09-01T23:59:00,0.00
69101,2021-09-02T23:59:00,0.00
69126,2021-09-03T23:59:00,0.00
69151,2021-09-04T23:59:00,0.00
69176,2021-09-05T23:59:00,0.00
69201,2021-09-06T23:59:00,0.00
69226,2021-09-07T23:59:00,0.00
69251,2021-09-08T23:59:00,0.00
69276,2021-09-09T23:59:00,0.00
69301,2021-09-10T23:59:00,0.00
69326,2021-09-11T23:59:00,0.04s
69351,2021-09-12T23:59:00,0.00
69376,2021-09-13T23:59:00,0.00
69401,2021-09-14T23:59:00,0.00
69426,2021-09-15T23:59:00,0.00
69451,2021-09-16T23:59:00,0.00
69476,2021-09-17T23:59:00,0.00
69501,2021-09-18T23:59:00,0.04s
69526,2021-09-19T23:59:00,0.94s
69551,2021-09-20T23:59:00,0.05s
69576,2021-09-21T23:59:00,0.00
69601,2021-09-22T23:59:00,0.00
69626,2021-09-23T23:59:00,0.00
69651,2021-09-24T23:59:00,0.00
69676,2021-09-25T23:59:00,0.00
69701,2021-09-26T23:59:00,0.00
69726,2021-09-27T23:59:00,0.00
69751,2021-09-28T23:59:00,0.00
69776,2021-09-29T23:59:00,0.00
69801,2021-09-30T23:59:00,0.00
69827,2021-10-01T23:59:00,0.00
69852,2021-10-02T23:59:00,0.00
69877,2021-10-03T23:59:00,0.00
69902,2021-10-04T23:59:00,0.00
69927,2021-10-05T23:59:00,0.00
69952,2021-10-06T23:59:00,0.01s
69977,2021-10-07T23:59:00,0.12s
70002,2021-10-08T23:59:00,0.06s
70027,2021-10-09T23:59:00,0.24s
70052,2021-10-10T23:59:00,0.00
70077,2021-10-11T23:59:00,0.48s
70102,2021-10-12T23:59:00,0.03s
70127,2021-10-13T23:59:00,0.07s
70152,2021-10-14T23:59:00,0.09s
70177,2021-10-15T23:59:00,0.00
70202,2021-10-16T23:59:00,0.00
70227,2021-10-17T23:59:00,0.00
70252,2021-10-18T23:59:00,0.00
70277,2021-10-19T23:59:00,0.00
70302,2021-10-20T23:59:00,0.00
70327,2021-10-21T23:59:00,0.00
70352,2021-10-22T23:59:00,0.00
70377,2021-10-23T23:59:00,0.02s
70402,2021-10-24T23:59:00,0.16s
70527,2021-10-29T23:59:00,0.00
70602,2021-11-01T23:59:00,0.18s
70627,2021-11-02T23:59:00,0.02s
70677,2021-11-04T23:59:00,0.17s
70702,2021-11-05T23:59:00,0.00
70727,2021-11-06T23:59:00,0.25s
70752,2021-11-07T23:59:00,0.12s
70777,2021-11-08T23:59:00,0.00
70802,2021-11-09T23:59:00,0.10s
70827,2021-11-10T23:59:00,0.07s
70852,2021-11-11T23:59:00,0.07s
70877,2021-11-12T23:59:00,0.05s
70902,2021-11-13T23:59:00,0.01s
70927,2021-11-14T23:59:00,0.08s
70952,2021-11-15T23:59:00,0.00
70977,2021-11-16T23:59:00,0.00
71002,2021-11-17T23:59:00,0.00
71027,2021-11-18T23:59:00,0.00
71052,2021-11-19T23:59:00,0.23s
71077,2021-11-20T23:59:00,0.00
71102,2021-11-21T23:59:00,0.00
71127,2021-11-22T23:59:00,0.00
71152,2021-11-23T23:59:00,0.27s
71176,2021-11-24T23:59:00,0.03s
71201,2021-11-25T23:59:00,0.00
71226,2021-11-26T23:59:00,0.00
71251,2021-11-27T23:59:00,0.00
71276,2021-11-28T23:59:00,0.00
71300,2021-11-29T23:59:00,0.02s
71325,2021-11-30T23:59:00,0.00
71351,2021-12-01T23:59:00,0.00
71376,2021-12-02T23:59:00,0.00
71401,2021-12-03T23:59:00,0.00
71426,2021-12-04T23:59:00,0.00
71451,2021-12-05T23:59:00,0.02s
71476,2021-12-06T23:59:00,0.07s
71501,2021-12-07T23:59:00,0.02s
71526,2021-12-08T23:59:00,0.11s
71551,2021-12-09T23:59:00,0.05s
71576,2021-12-10T23:59:00,0.00
71601,2021-12-11T23:59:00,0.02s
71626,2021-12-12T23:59:00,0.21s
71651,2021-12-13T23:59:00,0.16s
71676,2021-12-14T23:59:00,0.54s
71701,2021-12-15T23:59:00,0.09s
71726,2021-12-16T23:59:00,0.11s
71751,2021-12-17T23:59:00,0.06s
71776,2021-12-18T23:59:00,0.01s
71801,2021-12-19T23:59:00,0.01s
71826,2021-12-20T23:59:00,0.02s
71851,2021-12-21T23:59:00,0.00
71876,2021-12-22T23:59:00,0.30s
71901,2021-12-23T23:59:00,0.46s
71926,2021-12-24T23:59:00,0.35s
71951,2021-12-25T23:59:00,0.36s
71976,2021-12-26T23:59:00,0.52s
72001,2021-12-27T23:59:00,0.39s
72026,2021-12-28T23:59:00,0.03s
72051,2021-12-29T23:59:00,0.09s
72075,2021-12-30T23:59:00,0.15s
72100,2021-12-31T23:59:00,0.01s
72126,2022-01-01T23:59:00,0.00
72151,2022-01-02T23:59:00,0.02s
72176,2022-01-03T23:59:00,0.05s
72201,2022-01-04T23:59:00,0.03s
72226,2022-01-05T23:59:00,0.23s
72251,2022-01-06T23:59:00,0.18s
72276,2022-01-07T23:59:00,0.35s
72301,2022-01-08T23:59:00,0.07s
72326,2022-01-09T23:59:00,0.00
72351,2022-01-10T23:59:00,0.01s
72376,2022-01-11T23:59:00,0.00
72401,2022-01-12T23:59:00,0.09s
72426,2022-01-13T23:59:00,0.00
72451,2022-01-14T23:59:00,0.01s
72476,2022-01-15T23:59:00,0.00
72501,2022-01-16T23:59:00,0.00
72526,2022-01-17T23:59:00,0.02s
72551,2022-01-18T23:59:00,0.09s
72576,2022-01-19T23:59:00,0.00
72601,2022-01-20T23:59:00,0.00
72626,2022-01-21T23:59:00,0.00
72651,2022-01-22T23:59:00,0.00
72676,2022-01-23T23:59:00,0.00
72701,2022-01-24T23:59:00,0.00
72726,2022-01-25T23:59:00,0.00
72751,2022-01-26T23:59:00,0.00
72776,2022-01-27T23:59:00,0.00
72801,2022-01-28T23:59:00,0.00
72826,2022-01-29T23:59:00,0.00
72850,2022-01-30T23:59:00,0.00
72875,2022-01-31T23:59:00,0.00
72901,2022-02-01T23:59:00,0.00
72926,2022-02-02T23:59:00,0.00
73601,2022-03-01T23:59:00,0.00
73626,2022-03-02T23:59:00,0.00
73651,2022-03-03T23:59:00,0.00
73676,2022-03-04T23:59:00,0.02s
73701,2022-03-05T23:59:00,0.04s
73726,2022-03-06T23:59:00,0.00
73751,2022-03-07T23:59:00,0.01s
73776,2022-03-08T23:59:00,0.09s
73821,2022-03-10T23:59:00,0.00
73846,2022-03-11T23:59:00,0.03s
73871,2022-03-12T23:59:00,0.03s
73896,2022-03-13T23:59:00,0.20s
73921,2022-03-14T23:59:00,0.00
73946,2022-03-15T23:59:00,0.04s
73971,2022-03-16T23:59:00,0.01s
73996,2022-03-17T23:59:00,0.00
74021,2022-03-18T23:59:00,0.02s
74046,2022-03-19T23:59:00,0.00
74071,2022-03-20T23:59:00,0.54s
74096,2022-03-21T23:59:00,0.00
74121,2022-03-22T23:59:00,0.00
74146,2022-03-23T23:59:00,0.01s
74171,2022-03-24T23:59:00,0.00
74196,2022-03-25T23:59:00,0.00
74221,2022-03-26T23:59:00,0.00
74246,2022-03-27T23:59:00,0.00
74271,2022-03-28T23:59:00,0.00
74296,2022-03-29T23:59:00,0.00
74320,2022-03-30T23:59:00,0.00
74371,2022-04-01T23:59:00,0.00
74396,2022-04-02T23:59:00,0.03s
74421,2022-04-03T23:59:00,0.00
74446,2022-04-04T23:59:00,0.85s
74471,2022-04-05T23:59:00,0.00
74496,2022-04-06T23:59:00,0.00
74521,2022-04-07T23:59:00,0.00
74546,2022-04-08T23:59:00,0.00
74571,2022-04-09T23:59:00,0.02s
74596,2022-04-10T23:59:00,0.14s
74621,2022-04-11T23:59:00,0.51s
74646,2022-04-12T23:59:00,0.09s
74671,2022-04-13T23:59:00,0.02s
74696,2022-04-14T23:59:00,0.33s
74721,2022-04-15T23:59:00,0.23s
74746,2022-04-16T23:59:00,0.31s
74771,2022-04-17T23:59:00,0.10s
74796,2022-04-18T23:59:00,0.00
74821,2022-04-19T23:59:00,0.26s
74846,2022-04-20T23:59:00,0.02s
74871,2022-04-21T23:59:00,0.05s
74896,2022-04-22T23:59:00,0.09s
74921,2022-04-23T23:59:00,0.10s
74946,2022-04-24T23:59:00,0.01s
74971,2022-04-25T23:59:00,0.00
74996,2022-04-26T23:59:00,0.00
75021,2022-04-27T23:59:00,0.08s
75046,2022-04-28T23:59:00,0.23s
75071,2022-04-29T23:59:00,0.03s
75096,2022-04-30T23:59:00,0.00
75122,2022-05-01T23:59:00,0.11s
75147,2022-05-02T23:59:00,0.00
75172,2022-05-03T23:59:00,0.25s
75197,2022-05-04T23:59:00,0.00
75222,2022-05-05T23:59:00,0.05s
75247,2022-05-06T23:59:00,0.11s
75272,2022-05-07T23:59:00,0.16s
75297,2022-05-08T23:59:00,0.03s
75322,2022-05-09T23:59:00,0.25s
75347,2022-05-10T23:59:00,0.00
75372,2022-05-11T23:59:00,0.00
75397,2022-05-12T23:59:00,0.60s
75422,2022-05-13T23:59:00,0.14s
75447,2022-05-14T23:59:00,0.18s
75472,2022-05-15T23:59:00,0.00
75497,2022-05-16T23:59:00,0.15s
75522,2022-05-17T23:59:00,0.00
75547,2022-05-18T23:59:00,0.00
75572,2022-05-19T23:59:00,0.07s
75597,2022-05-20T23:59:00,0.00
75622,2022-05-21T23:59:00,0.00
75647,2022-05-22T23:59:00,0.24s
75672,2022-05-23T23:59:00,0.00
75697,2022-05-24T23:59:00,0.02s
75722,2022-05-25T23:59:00,0.00
75747,2022-05-26T23:59:00,0.00
75772,2022-05-27T23:59:00,0.18s
75797,2022-05-28T23:59:00,0.59s
75822,2022-05-29T23:59:00,0.93s
75847,2022-05-30T23:59:00,0.41s
75872,2022-05-31T23:59:00,0.06s
75898,2022-06-01T23:59:00,0.01s
75923,2022-06-02T23:59:00,0.00
75948,2022-06-03T23:59:00,0.00
75972,2022-06-04T23:59:00,0.10s
75997,2022-06-05T23:59:00,0.47s
76022,2022-06-06T23:59:00,0.72s
76047,2022-06-07T23:59:00,0.02s
76072,2022-06-08T23:59:00,0.00
76097,2022-06-09T23:59:00,0.00
76122,2022-06-10T23:59:00,0.00
76147,2022-06-11T23:59:00,0.23s
76171,2022-06-12T23:59:00,1.37s
76211,2022-06-14T23:59:00,0.15s
76236,2022-06-15T23:59:00,0.00
76261,2022-06-16T23:59:00,0.00
76286,2022-06-17T23:59:00,0.00
76311,2022-06-18T23:59:00,0.02s
76336,2022-06-19T23:59:00,0.32s
76361,2022-06-20T23:59:00,0.00
76386,2022-06-21T23:59:00,0.00
76411,2022-06-22T23:59:00,0.00
76436,2022-06-23T23:59:00,0.00
76461,2022-06-24T23:59:00,0.05s
76486,2022-06-25T23:59:00,0.00
76511,2022-06-26T23:59:00,0.00
76536,2022-06-27T23:59:00,0.00
76561,2022-06-28T23:59:00,0.00
76586,2022-06-29T23:59:00,0.00
76611,2022-06-30T23:59:00,0.00
77387,2022-07-31T23:59:00,0.00
77413,2022-08-01T23:59:00,0.00
77438,2022-08-02T23:59:00,0.14s
77463,2022-08-03T23:59:00,0.00
77488,2022-08-04T23:59:00,0.00
77513,2022-08-05T23:59:00,0.16s
77538,2022-08-06T23:59:00,0.50s
77563,2022-08-07T23:59:00,0.00
77588,2022-08-08T23:59:00,0.00
77613,2022-08-09T23:59:00,0.00
77638,2022-08-10T23:59:00,0.00
77663,2022-08-11T23:59:00,0.00
77688,2022-08-12T23:59:00,0.12s
77713,2022-08-13T23:59:00,0.78s
77738,2022-08-14T23:59:00,0.00
77763,2022-08-15T23:59:00,0.00
77788,2022-08-16T23:59:00,0.00
77813,2022-08-17T23:59:00,0.00
77838,2022-08-18T23:59:00,0.02s
77863,2022-08-19T23:59:00,0.00
77888,2022-08-20T23:59:00,0.00
77913,2022-08-21T23:59:00,0.00
77938,2022-08-22T23:59:00,0.00
77963,2022-08-23T23:59:00,0.01s
77988,2022-08-24T23:59:00,0.83s
78013,2022-08-25T23:59:00,0.15s
78038,2022-08-26T23:59:00,0.05s
78063,2022-08-27T23:59:00,0.00
78088,2022-08-28T23:59:00,0.00
78113,2022-08-29T23:59:00,0.00
78138,2022-08-30T23:59:00,0.00
78163,2022-08-31T23:59:00,0.00
78189,2022-09-01T23:59:00,0.00
78214,2022-09-02T23:59:00,0.00
78239,2022-09-03T23:59:00,0.00
78264,2022-09-04T23:59:00,0.00
78289,2022-09-05T23:59:00,0.00
78314,2022-09-06T23:59:00,0.00
78339,2022-09-07T23:59:00,0.00
78364,2022-09-08T23:59:00,0.15s
78388,2022-09-09T23:59:00,0.00
78413,2022-09-10T23:59:00,0.00
78438,2022-09-11T23:59:00,0.00
78463,2022-09-12T23:59:00,0.00
78484,2022-09-13T23:59:00,0.00
78509,2022-09-14T23:59:00,0.26s
78534,2022-09-15T23:59:00,0.02s
78559,2022-09-16T23:59:00,0.38s
78584,2022-09-17T23:59:00,0.02s
78609,2022-09-18T23:59:00,0.00
78634,2022-09-19T23:59:00,0.00
78659,2022-09-20T23:59:00,0.00
78684,2022-09-21T23:59:00,0.31s
78709,2022-09-22T23:59:00,0.36s
78734,2022-09-23T23:59:00,0.00
78759,2022-09-24T23:59:00,0.00
78784,2022-09-25T23:59:00,0.00
78809,2022-09-26T23:59:00,0.00
78834,2022-09-27T23:59:00,0.00
78859,2022-09-28T23:59:00,0.01s
78884,2022-09-29T23:59:00,0.11s
78921,2022-10-01T23:59:00,0.22s
78946,2022-10-02T23:59:00,0.09s
78971,2022-10-03T23:59:00,0.06s
78988,2022-10-04T23:59:00,0.00
79013,2022-10-05T23:59:00,0.00
79038,2022-10-06T23:59:00,0.00
79063,2022-10-07T23:59:00,0.00
79088,2022-10-08T23:59:00,0.00
79113,2022-10-09T23:59:00,0.00
79138,2022-10-10T23:59:00,0.00
79163,2022-10-11T23:59:00,0.00
79188,2022-10-12T23:59:00,0.00
79213,2022-10-13T23:59:00,0.00
79238,2022-10-14T23:59:00,0.00
79263,2022-10-15T23:59:00,0.00
79288,2022-10-16T23:59:00,0.00
79313,2022-10-17T23:59:00,0.00
79338,2022-10-18T23:59:00,0.00
79363,2022-10-19T23:59:00,0.00
79388,2022-10-20T23:59:00,0.00
79413,2022-10-21T23:59:00,0.08s
79427,2022-10-22T23:59:00,0.99s
79452,2022-10-23T23:59:00,0.04s
79477,2022-10-24T23:59:00,0.02s
79502,2022-10-25T23:59:00,0.06s
79527,2022-10-26T23:59:00,0.27s
79552,2022-10-27T23:59:00,0.00
79577,2022-10-28T23:59:00,0.00
79602,2022-10-29T23:59:00,0.00
79627,2022-10-30T23:59:00,0.00
79652,2022-10-31T23:59:00,0.00
79678,2022-11-01T23:59:00,0.00
79703,2022-11-02T23:59:00,0.20s
79728,2022-11-03T23:59:00,0.01s
79753,2022-11-04T23:59:00,0.22s
79778,2022-11-05T23:59:00,0.47s
79803,2022-11-06T23:59:00,0.00
79827,2022-11-07T23:59:00,0.74s
79850,2022-11-08T23:59:00,0.36s
79875,2022-11-09T23:59:00,0.58s
79900,2022-11-10T23:59:00,0.02s
79925,2022-11-11T23:59:00,0.00
79950,2022-11-12T23:59:00,0.00
79972,2022-11-13T23:59:00,0.00
